ma_hom,ten_hom,Ten_mkt,Ten_hom_the_hien,Ten_ky_thuat,Ten_chuan_hoa,Don_vi,Loai_go,Muc_dich,Goi_dich_vu,Mau_Sac,Nhom_Hang_Hoa,Loai_san_pham,Tôn giáo,Dac_diem,Nắp,Nguon_goc,Thanh,Liet,gia_von,Kich_thuoc,Be_mat
2AQ0001,Quan Tài Gỗ Căm Xe Nhập Khẩu,QUAN TÀI BÁCH TỊNH 1,Quan Tài  Gỗ Căm Xe  3cm,QUAN TÀI GỖ CĂM XE WPL-ĐÀI LOAN-3P,Quan tài Gỗ Căm Xe 3cm 220 x 80 x 115 (cm),Cái,Gỗ Căm Xe,An táng,Cao cấp,Đỏ,Tiêu hao,Chỉ bán,Đa giáo,,,Indonesia,3cm,0,,220 x 80 x 115 (cm),Phủ bóng
2AQ0002,Quan Tài Gỗ Sao Cát,QUAN TÀI AN LÂM,Quan Tài  Gỗ Sao Cát  3cm,QUAN TÀI GỖ SAO CÁT - ĐÀI LOAN -3P,Quan tài Gỗ Sao Cát 3cm 220 x 80 x 105 (cm),Cái,Gỗ Sao Cát,An táng,0,Vàng,Tiêu hao,Chỉ bán,Đa giáo,Trơn,,Việt Nam,3cm,0,,220 x 80 x 105 (cm),Phủ bóng
2AQ0003,Quan Tài Gỗ Xà Cừ,QUAN TÀI TÂM PHÚC,Quan Tài  Gỗ Xà Cừ  3cm,QUAN TÀI GỖ XÀ CỪ - ĐÀI LOAN - TRƠN - 3P,Quan tài Gỗ Xà Cừ 3cm 220 x 80 x 115 (cm),Cái,Gỗ Xà Cừ,An táng,0,Đỏ,Tiêu hao,Chỉ bán,Đa giáo,Trơn,,Việt Nam,3cm,0,,220 x 80 x 115 (cm),"Phủ bóng, vân gỗ tự nhiên"
2AQ0004,Quan Tài Gỗ Pơ Mu,#N/A,Quan Tài  Gỗ Pơ Mu  ,#N/A,Quan tài Gỗ Pơ Mu  ,Cái,Gỗ Pơ Mu,An táng,,Vàng,Tiêu hao,Chỉ bán,Đa giáo,,,Việt Nam,#N/A,#N/A,,#N/A,#N/A
2AQ0005,Quan Tài Gỗ Căm Xe - Cẩn,QUAN TÀI BÁCH TỊNH 2,Quan Tài  Gỗ Căm Xe  5cm,QUAN TÀI GỖ CĂM XE WPL-ĐÀI LOAN-CẨN-5P,Quan tài Gỗ Căm Xe 5cm 200 x 80 x 115 (cm),Cái,Gỗ Căm Xe,An táng,Cao cấp,Đỏ,Tiêu hao,Chỉ bán,Đa giáo,Cẩn,,Indonesia,5cm,0,,200 x 80 x 115 (cm),Phủ bóng
2AQ0006,Quan tài Gỗ Sao Cát - Cẩn,#N/A,Quan Tài  Gỗ Sao Cát  ,#N/A,Quan tài Gỗ Sao Cát  ,Cái,Gỗ Sao Cát,An táng,,Vàng,Tiêu hao,Chỉ bán,Đa giáo,Cẩn,,Việt Nam,#N/A,#N/A,,#N/A,#N/A
2AQ0007,Quan Gỗ Gỗ Trai VN,#N/A,Quan Tài  Gỗ Trai  ,#N/A,Quan tài Gỗ Trai  ,Cái,Gỗ Trai,An táng,,Vàng,Tiêu hao,Chỉ bán,Đa giáo,,,Việt Nam,#N/A,#N/A,,#N/A,#N/A
2AQ0008,Quan Tài Gỗ Hương Nhập Khẩu,QUAN TÀI HỒNG HƯƠNG,Quan Tài  Gỗ Giáng Hương  5cm,QUAN TÀI GỖ HƯƠNG NAM PHI- ĐÀI LOAN -TRƠN- 5P,Quan tài Gỗ Giáng Hương 5cm 200 x 80 x 120 (cm),Cái,Gỗ Giáng Hương,An táng,0,Đỏ,Tiêu hao,Chỉ bán,Đa giáo,Trơn,,Nam Phi,5cm,0,,200 x 80 x 120 (cm),"Phủ bóng, vân gỗ tự nhiên"
2AQ0009,Quan Tài Gỗ Hương Nhập khẩu Chạm,QUAN TÀI HỒNG KHẢI,Quan Tài  Gỗ Giáng Hương  4cm,QUAN TÀI GỖ HƯƠNG NAM PHI- ĐÀI LOAN -CHẠM - 4P,Quan tài Gỗ Giáng Hương 4cm 200 x 80 x 115 (cm),Cái,Gỗ Giáng Hương,An táng,Đặc biệt,Đỏ,Tiêu hao,Chỉ bán,Đa giáo,Chạm,,Nam Phi,4cm,0,,200 x 80 x 115 (cm),Phủ bóng
2AQ0010,Quan Tài Thiêu Nhí - Trắng,#N/A,Quan Tài  Gỗ Công Nghiệp  2cm,#N/A,Quan tài Gỗ Công Nghiệp 2cm 205 x 67 x 79 (cm),Cái,Gỗ Công Nghiệp,Hỏa táng,#N/A,Trắng,Tiêu hao,Chỉ bán,Đa giáo,,1 nắp,Việt Nam,2cm,#N/A,,205 x 67 x 79 (cm),#N/A
2AQ0011,Quan Tài Thiêu Nhí - Vàng,#N/A,Quan Tài  Gỗ Công Nghiệp  2cm,#N/A,Quan tài Gỗ Công Nghiệp 2cm 205 x 67 x 79 (cm),Cái,Gỗ Công Nghiệp,Hỏa táng,#N/A,Vàng,Tiêu hao,Chỉ bán,Đa giáo,,1 nắp,Việt Nam,2cm,#N/A,,205 x 67 x 79 (cm),#N/A
2AQ0012,Quan Tài Thiêu Nhí - Nâu,#N/A,Quan Tài  Gỗ Công Nghiệp  2cm,#N/A,Quan tài Gỗ Công Nghiệp 2cm 205 x 67 x 79 (cm),Cái,Gỗ Công Nghiệp,Hỏa táng,#N/A,Nâu,Tiêu hao,Chỉ bán,Đa giáo,,1 nắp,Việt Nam,2cm,#N/A,,205 x 67 x 79 (cm),#N/A
2AQ0013,Quan Tài Thiêu Trung - Trắng,#N/A,Quan Tài  Gỗ Công Nghiệp  2cm,#N/A,Quan tài Gỗ Công Nghiệp 2cm 205 x 68 x 90 (cm),Cái,Gỗ Công Nghiệp,Hỏa táng,#N/A,Trắng,Tiêu hao,Chỉ bán,Đa giáo,,1 nắp,Việt Nam,2cm,#N/A,,205 x 68 x 90 (cm),#N/A
2AQ0014,Quan Tài Thiêu Trung - Nâu Cẩn,#N/A,Quan Tài  Gỗ Công Nghiệp  2cm,#N/A,Quan tài Gỗ Công Nghiệp 2cm 205 x 68 x 90 (cm),Cái,Gỗ Công Nghiệp,Hỏa táng,#N/A,Nâu Cẩn,Tiêu hao,Chỉ bán,Đa giáo,,1 nắp,Việt Nam,2cm,#N/A,,205 x 68 x 90 (cm),#N/A
2AQ0015,Quan Tài Thiêu Trung - Vàng,#N/A,Quan Tài  Gỗ Công Nghiệp  2cm,#N/A,Quan tài Gỗ Công Nghiệp 2cm 205 x 80 x 95 (cm),Cái,Gỗ Công Nghiệp,Hỏa táng,#N/A,Vàng,Tiêu hao,Chỉ bán,Đa giáo,,1 nắp,Việt Nam,2cm,#N/A,,205 x 80 x 95 (cm),#N/A
2AQ0016,Quan Tài Thiêu Nắp Tròn - Vàng Trơn,#N/A,Quan Tài  Gỗ Công Nghiệp  ,#N/A,Quan tài Gỗ Công Nghiệp  ,Cái,Gỗ Công Nghiệp,Hỏa táng,,Vàng,Tiêu hao,Chỉ bán,Đa giáo,Trơn,,Đài Loan,#N/A,#N/A,,#N/A,#N/A
2AQ0017,Quan Tài Thiêu Nắp Tròn - Nâu Trơn,#N/A,Quan Tài  Gỗ Công Nghiệp  ,#N/A,Quan tài Gỗ Công Nghiệp  ,Cái,Gỗ Công Nghiệp,Hỏa táng,,Nâu,Tiêu hao,Chỉ bán,Đa giáo,Trơn,,Đài Loan,#N/A,#N/A,,#N/A,#N/A
2AQ0018,Quan Tài Thiêu Nắp Tròn - Vàng Cẩn,#N/A,Quan Tài  Gỗ Công Nghiệp  ,#N/A,Quan tài Gỗ Công Nghiệp  ,Cái,Gỗ Công Nghiệp,Hỏa táng,,Vàng,Tiêu hao,Chỉ bán,Đa giáo,Cẩn,,Đài Loan,#N/A,#N/A,,#N/A,#N/A
2AQ0019,Quan Tài Thiêu Nắp Tròn - Nâu Cẩn,#N/A,Quan Tài  Gỗ Công Nghiệp  3cm,#N/A,Quan tài Gỗ Công Nghiệp 3cm 205 x 79 x 110 (cm),Cái,Gỗ Công Nghiệp,Hỏa táng,#N/A,Nâu,Tiêu hao,Chỉ bán,Phật giáo,,1 nắp,Việt Nam,3cm,#N/A,,205 x 79 x 110 (cm),#N/A
2AQ0020,Quan tài Gỗ Vàng Tâm - Nâu,#N/A,Quan Tài  Gỗ Vàng Tâm  ,#N/A,Quan tài Gỗ Vàng Tâm  ,Cái,Gỗ Vàng Tâm,An táng,,Vàng,Tiêu hao,Chỉ bán,Đa giáo,,,Việt Nam,#N/A,#N/A,,#N/A,#N/A
2AQ0021,Quan Tài Covid,#N/A,Quan Tài  Gỗ Công Nghiệp  ,#N/A,Quan tài Gỗ Công Nghiệp  ,Cái,Gỗ Công Nghiệp,Hỏa táng,,Trắng,Tiêu hao,Chỉ bán,Đa giáo,,,Đài Loan,#N/A,#N/A,,#N/A,#N/A
2AQ0022,Quan Tài Thiêu Nhí - Đen,#N/A,Quan Tài  Gỗ Công Nghiệp  ,#N/A,Quan tài Gỗ Công Nghiệp  ,Cái,Gỗ Công Nghiệp,Hỏa táng,,Đen,Tiêu hao,Chỉ bán,Đa giáo,,,Đài Loan,#N/A,#N/A,,#N/A,#N/A
2AQ0023,Quan Tài Gỗ Hương Bình Phước,QUAN TÀI HỒNG BẢO ,Quan Tài  Gỗ Giáng Hương  5cm,QUAN TÀI GỖ HƯƠNG VN (BÌNH PHƯỚC) - ĐÀI LOAN - TRƠN - 5P,Quan tài Gỗ Giáng Hương 5cm 203 x 82 x 130 (cm),Cái,Gỗ Giáng Hương,An táng,0,Đỏ,Tiêu hao,Chỉ bán,Đa giáo,Trơn,,Việt Nam,5cm,0,,203 x 82 x 130 (cm),"Phủ bóng, vân gỗ tự nhiên"
2AQ0024,Quan tài Gỗ Hương Việt Nam,#N/A,Quan Tài  Gỗ Giáng Hương  ,#N/A,Quan tài Gỗ Giáng Hương  ,Cái,Gỗ Giáng Hương,An táng,,Đỏ,Tiêu hao,Chỉ bán,Đa giáo,,,Việt Nam,#N/A,#N/A,,#N/A,#N/A
2AQ0025,Quan tài Gỗ Hương Việt Nam - Cẩn,#N/A,Quan Tài  Gỗ Giáng Hương  ,#N/A,Quan tài Gỗ Giáng Hương  ,Cái,Gỗ Giáng Hương,An táng,,Đỏ,Tiêu hao,Chỉ bán,Đa giáo,Cẩn,,Việt Nam,#N/A,#N/A,,#N/A,#N/A
2AQ0026,Quan tài Gỗ Hương Việt Nam - Rừng,#N/A,Quan Tài  Gỗ Giáng Hương  ,#N/A,Quan tài Gỗ Giáng Hương  ,Cái,Gỗ Giáng Hương,An táng,,Đỏ,Tiêu hao,Chỉ bán,Đa giáo,,,Việt Nam,#N/A,#N/A,,#N/A,#N/A
2AQ0027,Quan tài Gỗ Ngọc Am,QUAN TÀI NGỌC AM 1,Quan Tài  Gỗ Ngọc Am  8cm,QUAN TÀI GỖ NGỌC AM - CHẠM HOA VĂN - 8P,Quan tài Gỗ Ngọc Am 8cm 216 x 63 x 62 (cm),Cái,Gỗ Ngọc Am,An táng,Ngoài gói,Vàng,Tiêu hao,Chỉ bán,Phật giáo,Chạm,,Lào,8cm,0,,216 x 63 x 62 (cm),"Phủ bóng, vân gỗ tự nhiên"
2AQ0028,Quan tài Gỗ Hương Việt Nam Nắp Tròn,#N/A,Quan Tài  Gỗ Hương Việt Nam  ,#N/A,Quan tài Gỗ Hương Việt Nam  ,Cái,Gỗ Hương Việt Nam,An táng,,Đỏ,Tiêu hao,Chỉ bán,Đa giáo,,,Việt Nam,#N/A,#N/A,,#N/A,#N/A
2AQ0029,Quan tài Gỗ Căm Xe Nắp Sen,#N/A,Quan Tài  Gỗ Căm Xe  ,#N/A,Quan tài Gỗ Căm Xe  ,Cái,Gỗ Căm Xe,An táng,,Đỏ,Tiêu hao,Chỉ bán,Phật giáo,,,Việt Nam,#N/A,#N/A,,#N/A,#N/A
2AQ0030,Quan tài Nhập Malaysia - 1 nắp - Trắng,#N/A,Quan Tài  Gỗ Công Nghiệp  ,#N/A,Quan tài Gỗ Công Nghiệp  ,Cái,Gỗ Công Nghiệp,Hỏa táng,,Trắng,Tiêu hao,Chỉ bán,Đa giáo,,1 nắp,Malaysia,#N/A,#N/A,,#N/A,#N/A
2AQ0031,Quan tài Nhập Malaysia - 1 nắp - Nâu,#N/A,Quan Tài  Gỗ Công Nghiệp  ,#N/A,Quan tài Gỗ Công Nghiệp  ,Cái,Gỗ Công Nghiệp,Hỏa táng,,Nâu,Tiêu hao,Chỉ bán,Đa giáo,,1 nắp,Malaysia,#N/A,#N/A,,#N/A,#N/A
2AQ0032,Quan tài Nhập Malaysia - 2 nắp - Trắng,#N/A,Quan Tài  Gỗ Công Nghiệp  ,#N/A,Quan tài Gỗ Công Nghiệp  ,Cái,Gỗ Công Nghiệp,Hỏa táng,,Trắng,Tiêu hao,Chỉ bán,Đa giáo,,2 nắp,Malaysia,#N/A,#N/A,,#N/A,#N/A
2AQ0033,Quan tài Nhập Malaysia - 2 nắp - Nâu,#N/A,Quan Tài  Gỗ Công Nghiệp  ,#N/A,Quan tài Gỗ Công Nghiệp  ,Cái,Gỗ Công Nghiệp,Hỏa táng,,Nâu,Tiêu hao,Chỉ bán,Đa giáo,,2 nắp,Malaysia,#N/A,#N/A,,#N/A,#N/A
2AQ0034,Quan Tài Gỗ Căm Xe Nhập Khẩu,#N/A,Quan Tài  Gỗ Căm Xe  ,#N/A,Quan tài Gỗ Căm Xe  ,Cái,Gỗ Căm Xe,An táng,,Đỏ,Tiêu hao,Chỉ bán,Đa giáo,,,Việt Nam,#N/A,#N/A,,#N/A,#N/A
2AQ0035,Quan tài Gỗ Căm Xe Nắp Tròn,#N/A,Quan Tài  Gỗ Căm Xe  ,#N/A,Quan tài Gỗ Căm Xe  ,Cái,Gỗ Căm Xe,An táng,,Đỏ,Tiêu hao,Chỉ bán,Đa giáo,,,Việt Nam,#N/A,#N/A,,#N/A,#N/A
2AQ0036,Quan tài Thiêu Nắp Tròn - Vàng Cẩn,#N/A,Quan Tài  Gỗ Công Nghiệp  ,#N/A,Quan tài Gỗ Công Nghiệp  ,Cái,Gỗ Công Nghiệp,Hỏa táng,,Vàng,Tiêu hao,Chỉ bán,Đa giáo,Cẩn,,Đài Loan,#N/A,#N/A,,#N/A,#N/A
2AQ0037,Quan tài Thiêu Nắp Tròn - Nâu Cẩn,#N/A,Quan Tài  Gỗ Công Nghiệp  ,#N/A,Quan tài Gỗ Công Nghiệp  ,Cái,Gỗ Công Nghiệp,Hỏa táng,,Nâu Cẩn,Tiêu hao,Chỉ bán,Đa giáo,Cẩn,,Đài Loan,#N/A,#N/A,,#N/A,#N/A
2AQ0038,Quan tài Gỗ Dương nhập khẩu,#N/A,Quan Tài  Gỗ Bạch Dương  ,#N/A,Quan tài Gỗ Bạch Dương  ,Cái,Gỗ Bạch Dương,An táng,,Trắng,Tiêu hao,Chỉ bán,Đa giáo,,,Úc,#N/A,#N/A,,#N/A,#N/A
2AQ0039,Quan tài Queensland,QUAN TÀI QUEENSLAND,Quan Tài  Gỗ Bạch Dương  3cm,QUAN TÀI NHẬP KHẨU GỖ BẠCH DƯƠNG - HIỆN ĐẠI - TRƠN - 3P,Quan tài Gỗ Bạch Dương 3cm 216 x 81 x 61 (cm),Cái,Gỗ Bạch Dương,An táng,Đặc biệt,Đỏ Cherry,Tiêu hao,Chỉ bán,Đa giáo,Trơn,,Úc,3cm,0,,216 x 81 x 61 (cm),Phủ bóng
2AQ0040,Quan Tài Whitsunday,QUAN TÀI WHITSUNDAY,Quan Tài  Gỗ Thông  3cm,QUAN TÀI NHẬP KHẨU GỖ THÔNG - HIỆN ĐẠI - TRƠN - 3P,Quan tài Gỗ Thông 3cm 216 x 81 x 61 (cm),Cái,Gỗ Thông,An táng,Cao cấp,Trắng,Tiêu hao,Chỉ bán,Đa giáo,Trơn,,Úc,3cm,0,,216 x 81 x 61 (cm),Phủ bóng
2AQ0041,Quan tài George,QUAN TÀI GEOGRE,Quan Tài  Gỗ Thông  3cm,QUAN TÀI NHẬP KHẨU GỖ THÔNG - HIỆN ĐẠI - TRƠN - 3P,Quan tài Gỗ Thông 3cm 207.4 x 68.6 x 50.5 (cm),Cái,Gỗ Thông,An táng,0,Trắng,Tiêu hao,Chỉ bán,Đa giáo,Trơn,,Mỹ,3cm,0,,207.4 x 68.6 x 50.5 (cm),Phủ bóng
2AQ0042,Quan tài Rutherford,QUAN TÀI RUTHERFORD,Quan Tài  Gỗ Tuyết Tùng  3cm,QUAN TÀI NHẬP KHẨU GỖ TUYẾT TÙNG - HIỆN ĐẠI - TRƠN - 3P,Quan tài Gỗ Tuyết Tùng 3cm 207.4 x 68.6 x 50.5 (cm),Cái,Gỗ Tuyết Tùng,An táng,Đặc biệt,Nâu  ,Tiêu hao,Chỉ bán,Đa giáo,Trơn,,Mỹ,3cm,0,,207.4 x 68.6 x 50.5 (cm),Phủ bóng
2AQ0043,Quan tài Victoria,QUAN TÀI VICTORIA,Quan Tài  Gỗ Thông  3cm,QUAN TÀI NHẬP KHẨU GỖ THÔNG - HIỆN ĐẠI - LÁ PHONG - 3P,Quan tài Gỗ Thông 3cm 217.5 x 81 x 61 (cm),Cái,Gỗ Thông,An táng,Đặc biệt,Trắng,Tiêu hao,Chỉ bán,Phật giáo,Chạm,,Canada,3cm,0,,217.5 x 81 x 61 (cm),Phủ bóng
2AQ0044,Quan tài Calgary,QUAN TÀI CALGARY,Quan Tài  Gỗ Bạch Dương  3cm,QUAN TÀI NHẬP KHẨU GỖ DƯƠNG - HIỆN ĐẠI - LÁ PHONG - 3P,Quan tài Gỗ Bạch Dương 3cm 207.4 x 68.6 x 50.5 (cm),Cái,Gỗ Bạch Dương,An táng,Cao cấp,Nâu  ,Tiêu hao,Chỉ bán,Phật giáo,Chạm,,Canada,3cm,0,,207.4 x 68.6 x 50.5 (cm),Phủ bóng
2AQ0045,Quan tài Richard,QUAN TÀI RICHARD,Quan Tài  Gỗ Gụ  3cm,QUAN TÀI NHẬP KHẨU GỖ GỤ(GÕ DẦU) - HIỆN ĐẠI - TRƠN -3P,Quan tài Gỗ Gụ 3cm 207.4 x 68.6 x 50.5 (cm),Cái,Gỗ Gụ,An táng,0,Nâu nhạt,Tiêu hao,Chỉ bán,Đa giáo,Trơn,,Mỹ,3cm,0,,207.4 x 68.6 x 50.5 (cm),Phủ bóng
2AQ0046,Quan tài William,QUAN TÀI WILLIAM,Quan Tài  Gỗ Tuyết Tùng  3cm,QUAN TÀI NHẬP KHẨU GỖ TUYẾT TÙNG  - HIỆN ĐẠI - TRƠN - 3P,Quan tài Gỗ Tuyết Tùng 3cm 207.4 x 68.6 x 50.5 (cm),Cái,Gỗ Tuyết Tùng,An táng,Cao cấp,Nâu nhạt,Tiêu hao,Chỉ bán,Đa giáo,Trơn,,Mỹ,3cm,0,,207.4 x 68.6 x 50.5 (cm),Phủ bóng
2AQ0047,Quan tài Taisho,QUAN TÀI ASUKA,Quan Tài  Gỗ Sồi  3cm,QUAN TÀI NHẬP KHẨU GỖ SỒI - HIỆN ĐẠI - TRƠN - 3P,Quan tài Gỗ Sồi 3cm 215 x 80.5 x 26 (cm),Cái,Gỗ Sồi,An táng,Đặc biệt (với hòm Thiêu),Vàng,Tiêu hao,Chỉ bán,Đa giáo,Trơn,,Nhật,3cm,0,,215 x 80.5 x 26 (cm),Phủ bóng mịn
2AQ0048,Quan tài Gỗ Gõ Nắp Sen - Cẩn,#N/A,Quan Tài  Gỗ Gõ  ,#N/A,Quan tài Gỗ Gõ  ,Cái,Gỗ Gõ,An táng,,Vàng,Tiêu hao,Chỉ bán,Phật giáo,Cẩn,,Việt Nam,#N/A,#N/A,,#N/A,#N/A
2AQ0049,Quan tài Gỗ Gõ Nắp Tròn - Cẩn,#N/A,Quan Tài  Gỗ Gõ  ,#N/A,Quan tài Gỗ Gõ  ,Cái,Gỗ Gõ,An táng,,Vàng,Tiêu hao,Chỉ bán,Đa giáo,Cẩn,,Việt Nam,#N/A,#N/A,,#N/A,#N/A
2AQ0050,Quan tài Gỗ Hương Việt Nam Nắp Sen,#N/A,Quan Tài  Gỗ Hương Việt Nam  ,#N/A,Quan tài Gỗ Hương Việt Nam  ,Cái,Gỗ Hương Việt Nam,An táng,,Đỏ,Tiêu hao,Chỉ bán,Phật giáo,,,Việt Nam,#N/A,#N/A,,#N/A,#N/A
2AQ0051,Quan tài Gỗ Hương Việt Nam Nắp Tròn,#N/A,Quan Tài  Gỗ Hương Việt Nam  ,#N/A,Quan tài Gỗ Hương Việt Nam  ,Cái,Gỗ Hương Việt Nam,An táng,,Đỏ,Tiêu hao,Chỉ bán,Đa giáo,,,Việt Nam,#N/A,#N/A,,#N/A,#N/A
2AQ0052,Quan tài Gỗ Hương Nhập Khẩu Nắp Sen - Cẩn,#N/A,Quan Tài  Gỗ Hương Nam Phi  ,#N/A,Quan tài Gỗ Hương Nam Phi  ,Cái,Gỗ Hương Nam Phi,An táng,,Đỏ,Tiêu hao,Chỉ bán,Phật giáo,Cẩn,,Nam Phi,#N/A,#N/A,,#N/A,#N/A
2AQ0053,Quan tài Gỗ Hương Nhập Khẩu Nắp Tròn - Cẩn,#N/A,Quan Tài  Gỗ Hương Nam Phi  ,#N/A,Quan tài Gỗ Hương Nam Phi  ,Cái,Gỗ Hương Nam Phi,An táng,,Đỏ,Tiêu hao,Chỉ bán,Đa giáo,Cẩn,,Nam Phi,#N/A,#N/A,,#N/A,#N/A
2AQ0054,Quan tài Gỗ Hương Nhập Khẩu Nắp Tròn,#N/A,Quan Tài  Gỗ Hương Nam Phi  ,#N/A,Quan tài Gỗ Hương Nam Phi  ,Cái,Gỗ Hương Nam Phi,An táng,,Đỏ,Tiêu hao,Chỉ bán,Đa giáo,,,Nam Phi,#N/A,#N/A,,#N/A,#N/A
2AQ0055,Quan tài Gỗ Hương Nhập Khẩu Nắp Tròn,#N/A,Quan Tài  Gỗ Hương Nam Phi  ,#N/A,Quan tài Gỗ Hương Nam Phi  ,Cái,Gỗ Hương Nam Phi,An táng,,Đỏ,Tiêu hao,Chỉ bán,Đa giáo,,,Nam Phi,#N/A,#N/A,,#N/A,#N/A
2AQ0056,Quan tài Gỗ Ngọc Am,QUAN TÀI NGỌC AM 3,Quan Tài  Gỗ Ngọc Am  10cm,QUAN TÀI GỖ NGỌC AM - CHẠM HOA VĂN - 10P,Quan tài Gỗ Ngọc Am 10cm 182 x 42 x 39 (cm),Cái,Gỗ Ngọc Am,An táng,0,Nâu,Tiêu hao,Chỉ bán,Phật giáo,Chạm,,Lào,10cm,0,,182 x 42 x 39 (cm),0
2AQ0057,Quan tài Gỗ Ngọc Am,#N/A,Quan Tài  Gỗ Ngọc Am  ,#N/A,Quan tài Gỗ Ngọc Am  ,Cái,Gỗ Ngọc Am,An táng,,Vàng,Tiêu hao,Chỉ bán,Đa giáo,,,Việt Nam,#N/A,#N/A,,#N/A,#N/A
2AQ0058,Quan tài Gỗ Ngọc Am,#N/A,Quan Tài  Gỗ Ngọc Am  ,#N/A,Quan tài Gỗ Ngọc Am  ,Cái,Gỗ Ngọc Am,An táng,,Vàng,Tiêu hao,Chỉ bán,Đa giáo,,,Việt Nam,#N/A,#N/A,,#N/A,#N/A
2AQ0059,Quan tài Gỗ Ngọc Am,#N/A,Quan Tài  Gỗ Ngọc Am  ,#N/A,Quan tài Gỗ Ngọc Am  ,Cái,Gỗ Ngọc Am,An táng,,Vàng,Tiêu hao,Chỉ bán,Đa giáo,,,Việt Nam,#N/A,#N/A,,#N/A,#N/A
2AQ0060,Quan tài Gỗ Trai Việt Nam Nắp Sen,#N/A,Quan Tài  Gỗ Trai  ,#N/A,Quan tài Gỗ Trai  ,Cái,Gỗ Trai,An táng,,Vàng,Tiêu hao,Chỉ bán,Phật giáo,,,Việt Nam,#N/A,#N/A,,#N/A,#N/A
2AQ0061,Quan tài Gỗ Trai - Cẩn,QUAN TÀI HƯNG PHÚC,Quan Tài  Gỗ Trai  5cm,QUAN TÀI GỖ TRAI - ĐÀI LOAN -CẨN ĐỒNG QUÊ - 5P,Quan tài Gỗ Trai 5cm 220 x 80 x 115 (cm),Cái,Gỗ Trai,An táng,0,Vàng,Tiêu hao,Chỉ bán,Đa giáo,Cẩn,,Lào,5cm,0,,220 x 80 x 115 (cm),Phủ bóng
2AQ0062,Quan tài Gỗ Trai Chạm (công giáo),#N/A,Quan Tài  Gỗ Trai  ,#N/A,Quan tài Gỗ Trai  ,Cái,Gỗ Trai,An táng,,Vàng,Tiêu hao,Chỉ bán,Công giáo,Chạm,,Việt Nam,#N/A,#N/A,,#N/A,#N/A
2AQ0063,Quan tài Gỗ Trai Chạm (công giáo),#N/A,Quan Tài  Gỗ Trai  ,#N/A,Quan tài Gỗ Trai  ,Cái,Gỗ Trai,An táng,,Vàng,Tiêu hao,Chỉ bán,Công giáo,Chạm,,Việt Nam,#N/A,#N/A,,#N/A,#N/A
2AQ0064,Quan tài Gỗ Trai Chạm (Phật giáo),QUAN TÀI HƯNG THỊNH,Quan Tài  Gỗ Trai  5cm,QUAN TÀI GỖ TRAI - ĐÀI LOAN -CHẠM RỒNG - 5P,Quan tài Gỗ Trai 5cm 220 x 80 x 115 (cm),Cái,Gỗ Trai,An táng,Đặc biệt,Vàng,Tiêu hao,Chỉ bán,Phật giáo,Chạm,,Lào,5cm,0,,220 x 80 x 115 (cm),Phủ bóng
2AQ0065,Quan tài Gỗ Trai Nắp Tròn - Cẩn,#N/A,Quan Tài  Gỗ Trai  ,#N/A,Quan tài Gỗ Trai  ,Cái,Gỗ Trai,An táng,,Vàng,Tiêu hao,Chỉ bán,Đa giáo,Cẩn,,Việt Nam,#N/A,#N/A,,#N/A,#N/A
2AQ0066,Quan tài Gỗ Trai Nắp Tròn,#N/A,Quan Tài  Gỗ Trai  ,#N/A,Quan tài Gỗ Trai  ,Cái,Gỗ Trai,An táng,,Vàng,Tiêu hao,Chỉ bán,Đa giáo,,,Việt Nam,#N/A,#N/A,,#N/A,#N/A
2AQ0067,Quan tài Gỗ Trai Nắp Tròn,#N/A,Quan Tài  Gỗ Trai  ,#N/A,Quan tài Gỗ Trai  ,Cái,Gỗ Trai,An táng,,Vàng,Tiêu hao,Chỉ bán,Đa giáo,,,Việt Nam,#N/A,#N/A,,#N/A,#N/A
2AQ0068,Quan tài Gỗ Sao Nắp Tròn,#N/A,Quan Tài  Gỗ Sao Cát  ,#N/A,Quan tài Gỗ Sao Cát  ,Cái,Gỗ Sao Cát,An táng,,Vàng,Tiêu hao,Chỉ bán,Đa giáo,,,Việt Nam,#N/A,#N/A,,#N/A,#N/A
2AQ0069,Quan tài Gỗ Sao Cát Nắp Tròn,#N/A,Quan Tài  Gỗ Sao Cát  ,#N/A,Quan tài Gỗ Sao Cát  ,Cái,Gỗ Sao Cát,An táng,,Vàng,Tiêu hao,Chỉ bán,Đa giáo,,,Việt Nam,#N/A,#N/A,,#N/A,#N/A
2AQ0070,Quan tài Gỗ Sao Chạm Rồng,QUAN TÀI QUANG ẢNH,Quan Tài  Gỗ Sao Cát  4cm,QUAN TÀI GỖ SAO CÁT - CHẠM HOA VĂN - 4P,Quan tài Gỗ Sao Cát 4cm 220 x 80 x 115 (cm),Cái,Gỗ Sao Cát,An táng,0,Vàng,Tiêu hao,Chỉ bán,Phật giáo,Chạm,,Việt Nam,4cm,0,,220 x 80 x 115 (cm),Phủ bóng
2AQ0071,Quan tài Gỗ Sao Nắp Tròn - Cẩn,#N/A,Quan Tài  Gỗ Sao Cát  ,#N/A,Quan tài Gỗ Sao Cát  ,Cái,Gỗ Sao Cát,An táng,,Vàng,Tiêu hao,Chỉ bán,Đa giáo,Cẩn,,Việt Nam,#N/A,#N/A,,#N/A,#N/A
2AQ0072,Quan tài Gỗ Sao - Cẩn,#N/A,Quan Tài  Gỗ Sao Cát  ,#N/A,Quan tài Gỗ Sao Cát  ,Cái,Gỗ Sao Cát,An táng,,Vàng,Tiêu hao,Chỉ bán,Đa giáo,Cẩn,,Việt Nam,#N/A,#N/A,,#N/A,#N/A
2AQ0073,Quan tài Gỗ Căm Xe Nắp Tròn,#N/A,Quan Tài  Gỗ Căm Xe  ,#N/A,Quan tài Gỗ Căm Xe  ,Cái,Gỗ Căm Xe,An táng,,Đỏ,Tiêu hao,Chỉ bán,Đa giáo,,,Việt Nam,#N/A,#N/A,,#N/A,#N/A
2AQ0074,Quan tài Gỗ Căm Xe - Cẩn,#N/A,Quan Tài  Gỗ Căm Xe  ,#N/A,Quan tài Gỗ Căm Xe  ,Cái,Gỗ Căm Xe,An táng,,Đỏ,Tiêu hao,Chỉ bán,Đa giáo,Cẩn,,Việt Nam,#N/A,#N/A,,#N/A,#N/A
2AQ0075,Quan tài Gỗ Căm Xe Chạm,QUAN TÀI MINH QUANG,Quan Tài  Gỗ Căm Xe  5cm,QUAN TÀI GỖ CĂM XE WPL - ĐÀI LOAN - CHẠM RỒNG - 4P,Quan tài Gỗ Căm Xe 5cm 210 x 80 x 120 (cm),Cái,Gỗ Căm Xe,An táng,0,Đỏ,Tiêu hao,Chỉ bán,Phật giáo,Chạm,,Nhập Nam Mỹ,5cm,0,,210 x 80 x 120 (cm),"Chỉ phủ bóng, đỏ tự nhiên, vân gỗ tự nhiên"
2AQ0076,Quan tài Gỗ căm xe chạm - Vàng/Nâu,QUAN TÀI ĐÀI TÂM,Quan Tài  Gỗ Căm Xe  5cm,QUAN TÀI GỖ CĂM XE - CHẠM HOA VĂN - 5P,Quan tài Gỗ Căm Xe 5cm 220 x 80 x 135 (cm),Cái,Gỗ Căm Xe,An táng,0,Nâu,Tiêu hao,Chỉ bán,Phật giáo,Chạm,,Việt Nam,5cm,0,,220 x 80 x 135 (cm),Phủ bóng
2AQ0077,Quan tài Gỗ Sao Nắp Sen,#N/A,Quan Tài  Gỗ Sao Cát  ,#N/A,Quan tài Gỗ Sao Cát  ,Cái,Gỗ Sao Cát,An táng,,Vàng,Tiêu hao,Chỉ bán,Phật giáo,,,Việt Nam,#N/A,#N/A,,#N/A,#N/A
2AQ0078,Quan tài Nhập Malaysia - 1 nắp ĐB,#N/A,Quan Tài  Gỗ Công Nghiệp  ,#N/A,Quan tài Gỗ Công Nghiệp  ,Cái,Gỗ Công Nghiệp,Hỏa táng,,Trắng,Tiêu hao,Chỉ bán,Đa giáo,,1 nắp,Malaysia,#N/A,#N/A,,#N/A,#N/A
2AQ0079,Quan tài Malaysia họa tiết hoa sen - 3 nắp,#N/A,Quan Tài  Gỗ Công Nghiệp  ,#N/A,Quan tài Gỗ Công Nghiệp  ,Cái,Gỗ Công Nghiệp,Hỏa táng,,Trắng,Tiêu hao,Chỉ bán,Phật giáo,,3 nắp,Malaysia,#N/A,#N/A,,#N/A,#N/A
2AQ0080,Quan tài Gỗ Xà Cừ,#N/A,Quan Tài  Gỗ Xà Cừ  ,#N/A,Quan tài Gỗ Xà Cừ  ,Cái,Gỗ Xà Cừ,An táng,,Đỏ,Tiêu hao,Chỉ bán,Đa giáo,,,Việt Nam,#N/A,#N/A,,#N/A,#N/A
2AQ0081,Quan tài Gỗ Sao chạm,#N/A,Quan Tài  Gỗ Sao Cát  ,#N/A,Quan tài Gỗ Sao Cát  ,Cái,Gỗ Sao Cát,An táng,,Vàng,Tiêu hao,Chỉ bán,Đa giáo,Chạm,,Việt Nam,#N/A,#N/A,,#N/A,#N/A
2AQ0082,Quan tài Gỗ Cẩm Nắp Tròn - Vàng,#N/A,Quan Tài  Gỗ Cẩm  ,#N/A,Quan tài Gỗ Cẩm  ,Cái,Gỗ Cẩm,An táng,,Vàng,Tiêu hao,Chỉ bán,Đa giáo,,,Việt Nam,#N/A,#N/A,,#N/A,#N/A
2AQ0083,Quan tài Thiết,#N/A,Quan Tài  Thiếc  ,#N/A,Quan tài Thiếc  ,Cái,Thiếc,An táng,,Bạc,Tiêu hao,Chỉ bán,Đa giáo,,,Việt Nam,#N/A,#N/A,,#N/A,#N/A
2AQ0084,Quan tài Gỗ Sao Lục Giác,#N/A,Quan Tài  Gỗ Sao Cát  ,#N/A,Quan tài Gỗ Sao Cát  ,Cái,Gỗ Sao Cát,An táng,,Vàng,Tiêu hao,Chỉ bán,Đa giáo,,,Việt Nam,#N/A,#N/A,,#N/A,#N/A
2AQ0085,Quan tài Gỗ Căm Xe Lục Giác,#N/A,Quan Tài  Gỗ Căm Xe  ,#N/A,Quan tài Gỗ Căm Xe  ,Cái,Gỗ Căm Xe,An táng,,Đỏ,Tiêu hao,Chỉ bán,Đa giáo,,,Việt Nam,#N/A,#N/A,,#N/A,#N/A
2AQ0086,Quan tài Gỗ Sao (công giáo),#N/A,Quan Tài  Gỗ Sao Cát  ,#N/A,Quan tài Gỗ Sao Cát  ,Cái,Gỗ Sao Cát,An táng,,Vàng,Tiêu hao,Chỉ bán,Công giáo,,,Việt Nam,#N/A,#N/A,,#N/A,#N/A
2AQ0087,Quan tài Thiêu Trung - Vàng (công giáo),#N/A,Quan Tài  Gỗ Công Nghiệp  ,#N/A,Quan tài Gỗ Công Nghiệp  ,Cái,Gỗ Công Nghiệp,Hỏa táng,,Vàng,Tiêu hao,Chỉ bán,Công giáo,,,Đài Loan,#N/A,#N/A,,#N/A,#N/A
2AQ0088,Quan tài Thiêu Trung - Hoa Sen,#N/A,Quan Tài  Gỗ Công Nghiệp  ,#N/A,Quan tài Gỗ Công Nghiệp  ,Cái,Gỗ Công Nghiệp,Hỏa táng,,Trắng,Tiêu hao,Chỉ bán,Phật giáo,,,Đài Loan,#N/A,#N/A,,#N/A,#N/A
2AQ0089,Quan tài Thiêu Trung - Trắng (công giáo),#N/A,Quan Tài  Gỗ Công Nghiệp  ,#N/A,Quan tài Gỗ Công Nghiệp  ,Cái,Gỗ Công Nghiệp,Hỏa táng,,Trắng,Tiêu hao,Chỉ bán,Công giáo,,,Đài Loan,#N/A,#N/A,,#N/A,#N/A
2AQ0090,Quan tài Thiêu Trung - Vàng,#N/A,Quan Tài  Gỗ Công Nghiệp  2cm,#N/A,Quan tài Gỗ Công Nghiệp 2cm 205 x 80 x 95 (cm),Cái,Gỗ Công Nghiệp,Hỏa táng,#N/A,Nâu,Tiêu hao,Chỉ bán,Đa giáo,,1 nắp,Việt Nam,2cm,#N/A,,205 x 80 x 95 (cm),#N/A
2AQ0091,Quan tài Thiêu Đại - Vàng,#N/A,Quan Tài  Gỗ Công Nghiệp  ,#N/A,Quan tài Gỗ Công Nghiệp  ,Cái,Gỗ Công Nghiệp,Hỏa táng,,Vàng,Tiêu hao,Chỉ bán,Đa giáo,,,Đài Loan,#N/A,#N/A,,#N/A,#N/A
2AQ0092,Quan tài Gỗ Sồi,#N/A,Quan Tài  Gỗ Sồi  ,#N/A,Quan tài Gỗ Sồi  ,Cái,Gỗ Sồi,An táng,,Nâu nhạt,Tiêu hao,Chỉ bán,Đa giáo,,,Nhật,#N/A,#N/A,,#N/A,#N/A
2AQ0093,Quan tài Gỗ Trai,#N/A,Quan Tài  Gỗ Trai  ,#N/A,Quan tài Gỗ Trai  ,Cái,Gỗ Trai,An táng,,Vàng,Tiêu hao,Chỉ bán,Đa giáo,,,Việt Nam,#N/A,#N/A,,#N/A,#N/A
2AQ0094,Quan tài Thiêu Chạm - (Vàng/Nâu),#N/A,Quan Tài  Gỗ Công Nghiệp  ,#N/A,Quan tài Gỗ Công Nghiệp  ,Cái,Gỗ Công Nghiệp,Hỏa táng,,Vàng,Tiêu hao,Chỉ bán,Đa giáo,Chạm,,Đài Loan,#N/A,#N/A,,#N/A,#N/A
2AQ0095,Quan tài Thiêu Nắp Tròn - Vàng/ Nâu Cẩn,#N/A,Quan Tài  Gỗ Công Nghiệp  ,#N/A,Quan tài Gỗ Công Nghiệp  ,Cái,Gỗ Công Nghiệp,Hỏa táng,,Nâu Cẩn,Tiêu hao,Chỉ bán,Đa giáo,Cẩn,,Đài Loan,#N/A,#N/A,,#N/A,#N/A
2AQ0096,Quan tài Thiêu Nắp Tròn - Vàng/ Nâu,#N/A,Quan Tài  Gỗ Công Nghiệp  ,#N/A,Quan tài Gỗ Công Nghiệp  ,Cái,Gỗ Công Nghiệp,Hỏa táng,,Vàng,Tiêu hao,Chỉ bán,Đa giáo,,,Đài Loan,#N/A,#N/A,,#N/A,#N/A
2AQ0097,Quan tài Thiêu Sơn Mài Nắp Tròn,#N/A,Quan Tài  Gỗ Công Nghiệp  ,#N/A,Quan tài Gỗ Công Nghiệp  ,Cái,Gỗ Công Nghiệp,Hỏa táng,,Trắng,Tiêu hao,Chỉ bán,Đa giáo,,,Đài Loan,#N/A,#N/A,,#N/A,#N/A
2AQ0098,Quan tài Thiêu Nắp Sen,#N/A,Quan Tài  Gỗ Công Nghiệp  ,#N/A,Quan tài Gỗ Công Nghiệp  ,Cái,Gỗ Công Nghiệp,Hỏa táng,,Trắng,Tiêu hao,Chỉ bán,Phật giáo,,,Đài Loan,#N/A,#N/A,,#N/A,#N/A
2AQ0099,Quan Tài Thiêu Công Giáo - Vàng,#N/A,Quan Tài  Gỗ Công Nghiệp  ,#N/A,Quan tài Gỗ Công Nghiệp  ,Cái,Gỗ Công Nghiệp,Hỏa táng,,Vàng,Tiêu hao,Chỉ bán,Công giáo,,,Đài Loan,#N/A,#N/A,,#N/A,#N/A
2AQ0100,Quan tài Gỗ Ngọc Am,QUAN TÀI NGỌC AM 2,Quan Tài  Gỗ Ngọc Am  10cm,QUAN TÀI GỖ NGỌC AM - CHẠM HOA VĂN - 10P,Quan tài Gỗ Ngọc Am 10cm 220 x 74 x 67 (cm),Cái,Gỗ Ngọc Am,An táng,Ngoài gói,Vàng,Tiêu hao,Chỉ bán,Phật giáo,Chạm,,Lào,10cm,0,,220 x 74 x 67 (cm),"Phủ bóng, vân gỗ tự nhiên"
2AQ0101,Quan tài Gỗ Ngọc Am Dát Vàng,#N/A,Quan Tài  Gỗ Ngọc Am  ,#N/A,Quan tài Gỗ Ngọc Am  ,Cái,Gỗ Ngọc Am,An táng,,Vàng,Tiêu hao,Chỉ bán,Đa giáo,,,Việt Nam,#N/A,#N/A,,#N/A,#N/A
2AQ0102,Quan Tài Gỗ Căm Xe Nhập Khẩu,QUAN TÀI AN TỊNH,Quan Tài  Gỗ Căm Xe  5cm,QUAN TÀI GỖ CĂM XE NK ÚC - ĐÀI LOAN - TRƠN - 5P,Quan tài Gỗ Căm Xe 5cm 220 x 80 x 115 (cm),Cái,Gỗ Căm Xe,An táng,0,Đỏ,Tiêu hao,Chỉ bán,Đa giáo,Trơn,,Úc,5cm,0,,220 x 80 x 115 (cm),"Chỉ phủ bóng, đỏ tự nhiên, vân gỗ tự nhiên"
2AQ0103,Quan Tài Gỗ Gõ Chạm,#N/A,Quan Tài  Gỗ Gõ  ,#N/A,Quan tài Gỗ Gõ  ,Cái,Gỗ Gõ,An táng,,Vàng,Tiêu hao,Chỉ bán,Đa giáo,Chạm,,Việt Nam,#N/A,#N/A,,#N/A,#N/A
2AQ0104,Quan tài Gỗ Ngọc Am,QUAN TÀI ĐẠI NGỌC AM,Quan Tài  Gỗ Ngọc Am  15cm,QUAN TÀI GỖ NGỌC AM - CHẠM HOA VĂN - 15P,Quan tài Gỗ Ngọc Am 15cm 230 x 86 x 86 (cm),Cái,Gỗ Ngọc Am,An táng,Ngoài gói,Vàng,Tiêu hao,Chỉ bán,Phật giáo,Chạm,,Lào,15cm,0,,230 x 86 x 86 (cm),"Phủ bóng, vân gỗ tự nhiên"
2AQ0105,Quan Tài Gỗ Xà Cừ - Cẩn Ốc,QUAN TÀI VĨNH HƯNG,Quan Tài  Gỗ Xà Cừ  5cm,QUAN TÀI GỖ XÀ CỪ - ĐÀI LOAN - CẨN ĐỒNG QUÊ - 5P,Quan tài Gỗ Xà Cừ 5cm 207 x 78 x 112 (cm),Cái,Gỗ Xà Cừ,An táng,Ngoài gói,Đỏ,Tiêu hao,Chỉ bán,Đa giáo,Cẩn,,Việt Nam,5cm,0,,207 x 78 x 112 (cm),"Chỉ phủ bóng, đỏ tự nhiên, vân gỗ tự nhiên"
2AQ0106,Quan tài Thiêu 2 Nắp - Nâu,#N/A,Quan Tài  Gỗ Công Nghiệp  2cm,#N/A,Quan tài Gỗ Công Nghiệp 2cm 203 x 65 x 74 (cm),Cái,Gỗ Công Nghiệp,Hỏa táng,#N/A,Nâu,Tiêu hao,Chỉ bán,Đa giáo,,2 nắp,Việt Nam,2cm,#N/A,,203 x 65 x 74 (cm),#N/A
2AQ0107,Quan tài Thiêu 2 Nắp - Vàng,#N/A,Quan Tài  Gỗ Công Nghiệp  2cm,#N/A,Quan tài Gỗ Công Nghiệp 2cm 203 x 65 x 74 (cm),Cái,Gỗ Công Nghiệp,Hỏa táng,#N/A,Vàng,Tiêu hao,Chỉ bán,Đa giáo,,2 nắp,Việt Nam,2cm,#N/A,,203 x 65 x 74 (cm),#N/A
2AQ0108,Quan tài Thiêu 2 Nắp - Trắng,#N/A,Quan Tài  Gỗ Công Nghiệp  2cm,#N/A,Quan tài Gỗ Công Nghiệp 2cm 203 x 65 x 74 (cm),Cái,Gỗ Công Nghiệp,Hỏa táng,#N/A,Trắng,Tiêu hao,Chỉ bán,Công giáo,,2 nắp,Việt Nam,2cm,#N/A,,203 x 65 x 74 (cm),#N/A
2AQ0109,Quan tài Thiêu 1 Nắp - Trắng,#N/A,Quan Tài  Gỗ Công Nghiệp  2cm,#N/A,Quan tài Gỗ Công Nghiệp 2cm 203 x 65 x 74 (cm),Cái,Gỗ Công Nghiệp,Hỏa táng,#N/A,Trắng,Tiêu hao,Chỉ bán,Công giáo,,1 nắp,Việt Nam,2cm,#N/A,,203 x 65 x 74 (cm),#N/A
2AQ0110,"Quan Tài Thiêu Huyền Cung 2, bóng sáng - 1 nắp",#N/A,Quan Tài  Gỗ Công Nghiệp  2cm,#N/A,Quan tài Gỗ Công Nghiệp 2cm 258 x 67 x 62 (cm),Cái,Gỗ Công Nghiệp,Hỏa táng,#N/A,Vàng,Tiêu hao,Chỉ bán,Phật giáo,,1 nắp,Việt Nam,2cm,#N/A,,258 x 67 x 62 (cm),#N/A
2AQ0111,"Quan Tài Thiêu Huyền Cung 1, bóng sáng - 1 nắp",#N/A,Quan Tài  Gỗ Công Nghiệp  2cm,#N/A,Quan tài Gỗ Công Nghiệp 2cm 258 x 67 x 62 (cm),Cái,Gỗ Công Nghiệp,Hỏa táng,#N/A,Nâu,Tiêu hao,Chỉ bán,Đa giáo,,1 nắp,Việt Nam,2cm,#N/A,,258 x 67 x 62 (cm),#N/A
2AQ0112,"Quan Tài Thiêu Huyền Cung 3, bóng sáng - 1 nắp",#N/A,Quan Tài  Gỗ Công Nghiệp  2cm,#N/A,Quan tài Gỗ Công Nghiệp 2cm 258 x 67 x 62 (cm),Cái,Gỗ Công Nghiệp,Hỏa táng,#N/A,Óc chó đậm,Tiêu hao,Chỉ bán,Công giáo,,1 nắp,Việt Nam,2cm,#N/A,,258 x 67 x 62 (cm),#N/A
2AQ0113,Quan tài Gỗ Vàng Tâm - Nâu,QUAN TÀI VÀNG TÂM,Quan Tài  Gỗ Vàng Tâm  10cm,QUAN TÀI GỖ VÀNG TÂM - CHẠM HOA VĂN - 10P,Quan tài Gỗ Vàng Tâm 10cm 224 x 74 x 67 (cm),Cái,Gỗ Vàng Tâm,An táng,Ngoài gói,Vàng,Tiêu hao,Chỉ bán,Phật giáo,Chạm,,Việt Nam,10cm,0,,224 x 74 x 67 (cm),Phủ bóng
2AQ0114,Quan Tài Nhập 2 Nắp Gỗ Sồi,#N/A,Quan Tài  Gỗ Sồi  ,#N/A,Quan tài Gỗ Sồi  ,Cái,Gỗ Sồi,An táng,,Nâu nhạt,Tiêu hao,Chỉ bán,Đa giáo,,2 nắp,Nhật,#N/A,#N/A,,#N/A,#N/A
2AQ0115,Quan Tài Công Giáo Đức Giáo Hoàng,QUAN TÀI ĐỨC GIÁO HOÀNG ,Quan Tài  Gỗ Dỗi  3cm,QUAN TÀI GỖ DỖI (ĐỨC GIÁO HOÀNG) - TRƠN - 3P,Quan tài Gỗ Dỗi 3cm 193 x 46 x 73 (cm),Cái,Gỗ Dỗi,An táng,Ngoài gói,Vàng,Tiêu hao,Chỉ bán,Công giáo,Trơn,,Việt Nam,3cm,0,,193 x 46 x 73 (cm),Phủ bóng
2AQ0116,Quan Tài Nhập Khẩu An Yên Gỗ Dái Ngựa CKT2009,QUAN TÀI ẤN QUANG,Quan Tài  Gỗ Xà Cừ Tây Ấn  3cm,QUAN TÀI NHẬP KHẨU GỖ XÀ CỪ TÂY ẤN (HAY CÒN GỌI LÀ GỖ DÁI NGỰA) - HIỆN ĐẠI - TRƠN- 3P,Quan tài Gỗ Xà Cừ Tây Ấn 3cm 206 x 56 x 67 (cm),Cái,Gỗ Xà Cừ Tây Ấn,An táng,0,Nâu nhạt,Tiêu hao,Chỉ bán,Đa giáo,Trơn,,Canada,3cm,0,,206 x 56 x 67 (cm),Phủ bóng mịn
2AQ0117,Quan tài Malaysia họa tiết hoa sen - 2 nắp,#N/A,Quan Tài  Gỗ Công Nghiệp  ,#N/A,Quan tài Gỗ Công Nghiệp  ,Cái,Gỗ Công Nghiệp,Hỏa táng,,Trắng,Tiêu hao,Chỉ bán,Phật giáo,,2 nắp,Malaysia,#N/A,#N/A,,#N/A,#N/A
2AQ0118,Quan Tài Gỗ Lim Nam Phi - Đỏ - Trơn,QUAN TÀI HỒNG HẠNH,Quan Tài  Gỗ Lim  4cm,QUAN TÀI GỖ LIM NAM PHI - ĐÀI LOAN - TRƠN - 4P,Quan tài Gỗ Lim 4cm 210 x 79 x 105 (cm),Cái,Gỗ Lim,An táng,Tiêu chuẩn,Đỏ Hương nhẹ,Tiêu hao,Chỉ bán,Đa giáo,Trơn,,Nhập Nam Phi,4cm,0,,210 x 79 x 105 (cm),"Chỉ phủ bóng, đỏ tự nhiên, vân gỗ tự nhiên"
2AQ0119,Quan Tài Gỗ Lim Nam Phi - Đỏ - Trơn,QUAN TÀI KIM PHÚC,Quan Tài  Gỗ Lim  5cm,QUAN TÀI GỖ LIM NAM PHI - ĐÀI LOAN - TRƠN -5P,Quan tài Gỗ Lim 5cm 210 x 80 x 115 (cm),Cái,Gỗ Lim,An táng,Cao cấp,Đỏ Hương nhẹ,Tiêu hao,Chỉ bán,Đa giáo,Trơn,,Nhập Nam Phi,5cm,0,,210 x 80 x 115 (cm),"Phủ bỏng, xanh tự nhiên"
2AQ0120,Quan Tài Gỗ Căm Xe WPL (gỗ nhập) - Trơn,QUAN TÀI VẠN MỘC,Quan Tài  Gỗ Căm Xe  4cm,QUAN TÀI GỖ CĂM XE WPL - ĐÀI LOAN - TRƠN - 4P,Quan tài Gỗ Căm Xe 4cm 210 x 79 x 105 (cm),Cái,Gỗ Căm Xe,An táng,Tiêu chuẩn,Đỏ,Tiêu hao,Chỉ bán,Đa giáo,Trơn,,Nhập Nam Mỹ,4cm,0,,210 x 79 x 105 (cm),"Chỉ phủ bóng, đỏ tự nhiên, vân gỗ tự nhiên"
2AQ0121,Quan Tài Gỗ Căm Xe WPL (gỗ nhập) - Trơn,QUAN TÀI THANH HOA,Quan Tài  Gỗ Căm Xe  5cm,QUAN TÀI GỖ CĂM XE WPL - ĐÀI LOAN - TRƠN - 5P,Quan tài Gỗ Căm Xe 5cm 210 x 80 x 120 (cm),Cái,Gỗ Căm Xe,An táng,Cao cấp,Đỏ,Tiêu hao,Chỉ bán,Đa giáo,Trơn,,Nhập Nam Mỹ,5cm,0,,210 x 80 x 120 (cm),"Chỉ phủ bóng, đỏ tự nhiên, vân gỗ tự nhiên"
2AQ0122,Quan Tài Gỗ Căm Xe WPL (gỗ nhập) - Chạm,#N/A,Quan Tài  Gỗ Căm Xe  ,#N/A,Quan tài Gỗ Căm Xe  ,Cái,Gỗ Căm Xe,An táng,,Đỏ,Tiêu hao,Chỉ bán,Đa giáo,Chạm,,Việt Nam,#N/A,#N/A,,#N/A,#N/A
2AQ0123,Quan Tài Gỗ Căm Xe WPL - Cối Nắp Tròn,QUAN TÀI BÁCH NIÊN,Quan Tài  Gỗ Căm Xe  6cm,QUAN TÀI GỖ CĂM XE WPL - ĐẠI CỐI- TRƠN - 6P ,Quan tài Gỗ Căm Xe 6cm 220 x 80 x 130 (cm),Cái,Gỗ Căm Xe,An táng,Ngoài gói,Đỏ,Tiêu hao,Chỉ bán,Đa giáo,Cối,,Indonesia,6cm,14cm,,220 x 80 x 130 (cm),"Chỉ phủ bóng, đỏ tự nhiên, vân gỗ tự nhiên"
2AQ0124,Quan Tài Gỗ Xà Cừ - Trơn,QUAN TÀI VĨNH KHÁNH,Quan Tài  Gỗ Xà Cừ  4cm,QUAN TÀI GỖ XÀ CỪ - ĐÀI LOAN - TRƠN - 4P,Quan tài Gỗ Xà Cừ 4cm 210 x 79 x 105 (cm),Cái,Gỗ Xà Cừ,An táng,Tiêu chuẩn,Đỏ,Tiêu hao,Chỉ bán,Đa giáo,Trơn,,Việt Nam,4cm,0,,210 x 79 x 105 (cm),"Chỉ phủ bóng, đỏ tự nhiên, vân gỗ tự nhiên"
2AQ0125,Quan Tài Gỗ Xà Cừ - Chạm Công Giáo,QUAN TÀI VĨNH TƯỜNG,Quan Tài  Gỗ Xà Cừ  4-5cm,QUAN TÀI GỖ XÀ CỪ - ĐÀI LOAN - CHẠM CHÚA - 4P,Quan tài Gỗ Xà Cừ 4-5cm 210 x 80 x 120 (cm),Cái,Gỗ Xà Cừ,An táng,Cao cấp,Đỏ,Tiêu hao,Chỉ bán,Công giáo,Chạm,,Việt Nam,4-5cm,0,,210 x 80 x 120 (cm),Phủ bóng
2AQ0126,Quan Tài Gỗ Xà Cừ - Chạm Phật Giáo,QUAN TÀI VĨNH KHANG,Quan Tài  Gỗ Xà Cừ  4-5cm,QUAN TÀI GỖ XÀ CỪ - ĐÀI LOAN - CHẠM RỒNG - 4P,Quan tài Gỗ Xà Cừ 4-5cm 210 x 80 x 120 (cm),Cái,Gỗ Xà Cừ,An táng,0,Đỏ,Tiêu hao,Chỉ bán,Phật giáo,Chạm,,Việt Nam,4-5cm,0,,210 x 80 x 120 (cm),Phủ bóng
2AQ0127,Quan Tài Gỗ Xà Cừ - Cối Nắp Tròn,QUAN TÀI VĨNH TÂM,Quan Tài  Gỗ Xà Cừ  5cm,QUAN TÀI GỖ XÀ CỪ - CỐI - TRƠN - 5P,Quan tài Gỗ Xà Cừ 5cm 220 x 80 x 130 (cm),Cái,Gỗ Xà Cừ,An táng,0,Đỏ,Tiêu hao,Chỉ bán,Đa giáo,Cối,,Việt Nam,5cm,12cm,,220 x 80 x 130 (cm),"Phủ bóng, vân gỗ tự nhiên"
2AQ0128,Quan Tài Gỗ Sao Nghệ (Gõ Vàng) - Trơn,QUAN TÀI QUANG PHÚC,Quan Tài  Gỗ Sao Nghệ  4cm,QUAN TÀI GỖ SAO NGHỆ (GÕ VÀNG) - ĐÀI LOAN -TRƠN - 4P,Quan tài Gỗ Sao Nghệ 4cm 210 x 80 x 105 (cm),Cái,Gỗ Sao Nghệ,An táng,Tiêu chuẩn,Vàng,Tiêu hao,Chỉ bán,Đa giáo,Trơn,,Nhập Nam Mỹ,4cm,0,,210 x 80 x 105 (cm),"Chỉ phủ bóng, đỏ tự nhiên, vân gỗ tự nhiên"
2AQ0129,Quan Tài Gỗ Sao Nghệ (Gõ Vàng) - Trơn,QUAN TÀI QUANG TƯỜNG,Quan Tài  Gỗ Sao Nghệ  5cm,QUAN TÀI GỖ SAO NGHỆ (GÕ VÀNG) - ĐÀI LOAN -TRƠN - 5P,Quan tài Gỗ Sao Nghệ 5cm 210 x 80 x 120 (cm),Cái,Gỗ Sao Nghệ,An táng,Cao cấp,Vàng,Tiêu hao,Chỉ bán,Đa giáo,Trơn,,Nhập Nam Mỹ,5cm,0,,210 x 80 x 120 (cm),"Phủ bóng, vân gỗ tự nhiên"
2AQ0130,Quan Tài Gỗ Sao Nghệ (Gõ Vàng) - Cẩn (đồng quê),QUAN TÀI QUANG HƯNG,Quan Tài  Gỗ Sao Nghệ  5cm,QUAN TÀI GỖ SAO NGHỆ (GÕ VÀNG) - ĐÀI LOAN - CẨN ĐỒNG QUÊ - 5P,Quan tài Gỗ Sao Nghệ 5cm 210 x 80 x 120 (cm),Cái,Gỗ Sao Nghệ,An táng,Ngoài gói,Vàng,Tiêu hao,Chỉ bán,Đa giáo,Cẩn,,Nhập Nam Mỹ,5cm,0,,210 x 80 x 120 (cm),"Phủ bóng, vân gỗ tự nhiên"
2AQ0131,Quan Tài Gỗ Sao Nghệ (Gõ Vàng) - Chạm Rồng,QUAN TÀI QUANG LỘC,Quan Tài  Gỗ Sao Nghệ  4-5cm,QUAN TÀI GỖ SAO NGHỆ (GÕ VÀNG) - ĐÀI LOAN -CHẠM RỒNG - 4P,Quan tài Gỗ Sao Nghệ 4-5cm 210 x 79 x 120 (cm),Cái,Gỗ Sao Nghệ,An táng,Cao cấp,Vàng,Tiêu hao,Chỉ bán,Phật giáo,Chạm,,Nhập Nam Mỹ,4-5cm,0,,210 x 79 x 120 (cm),Phủ bóng
2AQ0132,Quan Tài Gỗ Sao Nghệ (Gõ Vàng) - Cối Nắp Cuối,QUAN TÀI QUANG THỊNH,Quan Tài  Gỗ Sao Nghệ  5cm,QUAN TÀI GỖ SAO NGHỆ (GÕ VÀNG) - CỐI - TRƠN - 5P,Quan tài Gỗ Sao Nghệ 5cm 220 x 80 x 130 (cm),Cái,Gỗ Sao Nghệ,An táng,Ngoài gói,Vàng,Tiêu hao,Chỉ bán,Đa giáo,Trơn,,Nhập Nam Mỹ,5cm,12cm,,220 x 80 x 130 (cm),"Phủ bóng, vân gỗ tự nhiên"
2AQ0133,Quan Tài Gỗ Lim Nam Phi - Cối Nắp Tròn,QUAN TÀI MINH PHÁT,Quan Tài  Gỗ Lim  5cm,QUAN TÀI GỖ LIM NAM PHI - CỐI - TRƠN -5P,Quan tài Gỗ Lim 5cm 220 x 80 x 130 (cm),Cái,Gỗ Lim,An táng,Ngoài gói,Vàng,Tiêu hao,Chỉ bán,Đa giáo,Cối,,Nhập Nam Phi,5cm,12cm,,220 x 80 x 130 (cm),"Chỉ phủ bóng, đỏ tự nhiên, vân gỗ tự nhiên"
2AQ0134,Quan Tài Gỗ Hương Huyết - Cối Nắp Tròn,QUAN TÀI THANH HƯƠNG,Quan Tài  Gỗ Hương Huyết  5cm,QUAN TÀI GỖ HƯƠNG HUYẾT - CỐI - TRƠN- 5P,Quan tài Gỗ Hương Huyết 5cm 193 x 99 x 46 (cm),Cái,Gỗ Hương Huyết,An táng,Ngoài gói,Đỏ,Tiêu hao,Chỉ bán,Đa giáo,Cối,,Việt Nam,5cm,12cm,,193 x 99 x 46 (cm),"Chỉ phủ bóng, đỏ tự nhiên, vân gỗ tự nhiên"
2AQ0135,Quan Tài Công Giáo Đức Giáo Hoàng Gỗ Gụ,QUAN TÀI CATHERINE  (ĐỨC GIÁO HOÀNG ),Quan Tài  Gỗ Gụ  3cm,QUAN TÀI GỖ GỤ (ĐỨC GIÁO HOÀNG - HIỆN ĐẠI - TRƠN - 3P,Quan tài Gỗ Gụ 3cm 197 x 64 x 44 (cm),Cái,Gỗ Gụ,An táng,Ngoài gói,Hổ phách,Tiêu hao,Chỉ bán,Công giáo,Trơn,,Ý,3cm,0,,197 x 64 x 44 (cm),Phủ bóng
2AQ0136,Quan Tài Gỗ Gõ Ghana - Trơn,QUAN TÀI AN LẠC,Quan Tài  Gỗ Gõ  5cm,QUAN TÀI GỖ GÕ GHANA - ĐÀI LOAN - TRƠN - 5P,Quan tài Gỗ Gõ 5cm 210 x 80 x 120 (cm),Cái,Gỗ Gõ,An táng,0,Đỏ,Tiêu hao,Chỉ bán,Đa giáo,Trơn,,Tây phi,5cm,0,,210 x 80 x 120 (cm),"Phủ bóng, vân gỗ tự nhiên"
2AQ0137,Quan Tài Gỗ Lim Nam Phi - Trơn - Vàng (Lim Xanh),QUAN TÀI VƯỢNG PHÁT,Quan Tài  Gỗ Lim  5cm,QUAN TÀI GỖ LIM NAM PHI - ĐÀI LOAN - TRƠN -5P,Quan tài Gỗ Lim 5cm 210 x 80 x 115 (cm),Cái,Gỗ Lim,An táng,Cao cấp,Xanh tự nhiên,Tiêu hao,Chỉ bán,Đa giáo,Trơn,,Nhập Nam Phi,5cm,0,,210 x 80 x 115 (cm),"Phủ bóng, đỏ hương việt"
2AQ0138,Quan Tài Gỗ Lim Nam Phi - Trơn - Vàng (Lim Xanh),QUAN TÀI NGỌC LIÊN,Quan Tài  Gỗ Lim  4cm,QUAN TÀI GỖ LIM NAM PHI - ĐÀI LOAN - TRƠN - 4P,Quan tài Gỗ Lim 4cm 210 x 79 x 105 (cm),Cái,Gỗ Lim,An táng,0,Vàng,Tiêu hao,Chỉ bán,Đa giáo,Trơn,,Nhập Nam Phi,4cm,0,,210 x 79 x 105 (cm),"Chỉ phủ bóng, đỏ tự nhiên, vân gỗ tự nhiên"
2AQ0139,Quan Tài Gỗ Sao Nghệ (Gõ Vàng) - Chạm Chúa,QUAN TÀI QUANG AN,Quan Tài  Gỗ Sao Nghệ  4-5cm,QUAN TÀI GỖ SAO NGHỆ (GÕ VÀNG) - ĐÀI LOAN -CHẠM CHÚA - 4P,Quan tài Gỗ Sao Nghệ 4-5cm 210 x 79 x 120 (cm),Cái,Gỗ Sao Nghệ,An táng,Cao cấp,Vàng,Tiêu hao,Chỉ bán,Công giáo,Chạm,,Nhập Nam Mỹ,4-5cm,0,,210 x 79 x 120 (cm),Phủ bóng
2AQ0140,Quan tài Gỗ Vàng Tâm,#N/A,Quan Tài  Gỗ Vàng Tâm  ,#N/A,Quan tài Gỗ Vàng Tâm  ,Cái,Gỗ Vàng Tâm,An táng,,Vàng,Tiêu hao,Chỉ bán,Đa giáo,,,Việt Nam,#N/A,#N/A,,#N/A,#N/A
2AQ0141,Quan tài Gỗ Vàng Tâm,#N/A,Quan Tài  Gỗ Vàng Tâm  ,#N/A,Quan tài Gỗ Vàng Tâm  ,Cái,Gỗ Vàng Tâm,An táng,,Vàng,Tiêu hao,Chỉ bán,Đa giáo,,,Việt Nam,#N/A,#N/A,,#N/A,#N/A
2AQ0142,Quan tài Gỗ Vàng Tâm,#N/A,Quan Tài  Gỗ Vàng Tâm  ,#N/A,Quan tài Gỗ Vàng Tâm  ,Cái,Gỗ Vàng Tâm,An táng,,Vàng,Tiêu hao,Chỉ bán,Đa giáo,,,Việt Nam,#N/A,#N/A,,#N/A,#N/A
2AQ0143,Quan tài Gỗ Vàng Tâm,#N/A,Quan Tài  Gỗ Vàng Tâm  ,#N/A,Quan tài Gỗ Vàng Tâm  ,Cái,Gỗ Vàng Tâm,An táng,,Vàng,Tiêu hao,Chỉ bán,Đa giáo,,,Việt Nam,#N/A,#N/A,,#N/A,#N/A
2AQ0144,Quan tài Gỗ Vàng Tâm,#N/A,Quan Tài  Gỗ Vàng Tâm  ,#N/A,Quan tài Gỗ Vàng Tâm  ,Cái,Gỗ Vàng Tâm,An táng,,Vàng,Tiêu hao,Chỉ bán,Đa giáo,,,Việt Nam,#N/A,#N/A,,#N/A,#N/A
2AQ0145,Quan tài Gỗ Ngọc Am,#N/A,Quan Tài  Gỗ Ngọc Am  ,#N/A,Quan tài Gỗ Ngọc Am  ,Cái,Gỗ Ngọc Am,An táng,,Vàng,Tiêu hao,Chỉ bán,Đa giáo,,,Việt Nam,#N/A,#N/A,,#N/A,#N/A
2AQ0146,Quan tài Asuka,#N/A,Quan Tài  Gỗ Asuka  ,#N/A,Quan tài Gỗ Asuka  ,Cái,Gỗ Asuka,An táng,,Nâu,Tiêu hao,Chỉ bán,Đa giáo,,,Nhật,#N/A,#N/A,,#N/A,#N/A
2AQ0147,Quan Tài Gỗ Công Nghiệp - Nâu,#N/A,Quan Tài  Gỗ Công Nghiệp  ,#N/A,Quan tài Gỗ Công Nghiệp  ,Cái,Gỗ Công Nghiệp,Hỏa táng,,Nâu,Tiêu hao,Chỉ bán,Đa giáo,,,Đài Loan,#N/A,#N/A,,#N/A,#N/A
2AQ0148,Quan Tài Gỗ Căm Xe Nhập Khẩu Úc,QUAN TÀI MINH TỊNH,Quan Tài  Gỗ Căm Xe  4cm,QUAN TÀI GỖ CĂM XE NHẬP KHẨU ÚC - ĐÀI LOAN - TRƠN - 4P,Quan tài Gỗ Căm Xe 4cm 210 x 80 x 115 (cm),Cái,Gỗ Căm Xe,An táng,Tiêu chuẩn,Đỏ,Tiêu hao,Chỉ bán,Đa giáo,Trơn,,Úc,4cm,0,,210 x 80 x 115 (cm),"Phủ bóng, vân gỗ tự nhiên"
2AQ0149,"Quan Tài Thiêu Huyền Cung 4, bóng sáng - 1 nắp",#N/A,Quan Tài  Gỗ Công Nghiệp  2cm,#N/A,Quan tài Gỗ Công Nghiệp 2cm 258 x 67 x 62 (cm),Cái,Gỗ Công Nghiệp,Hỏa táng,#N/A,Trắng,Tiêu hao,Chỉ bán,Đa giáo,,1 nắp,Việt Nam,2cm,#N/A,,258 x 67 x 62 (cm),#N/A
2AQ0150,Quan Tài Gỗ Gõ,#N/A,Quan Tài  Gỗ Gõ  ,#N/A,Quan tài Gỗ Gõ  ,Cái,Gỗ Gõ,An táng,,Vàng,Tiêu hao,Chỉ bán,Đa giáo,,,Việt Nam,#N/A,#N/A,,#N/A,#N/A
2AQ0151,Quan Tài Gỗ Sao Nghệ (Gõ Vàng) - Cẩn,#N/A,Quan Tài  Gỗ Sao Nghệ  ,#N/A,Quan tài Gỗ Sao Nghệ  ,Cái,Gỗ Sao Nghệ,An táng,,Vàng,Tiêu hao,Chỉ bán,Đa giáo,Cẩn,,Việt Nam,#N/A,#N/A,,#N/A,#N/A
2AQ0152,Quan Tài Gỗ Hương Nhập khẩu Chạm,#N/A,Quan Tài  Gỗ Hương Nam Phi  ,#N/A,Quan tài Gỗ Hương Nam Phi  ,Cái,Gỗ Hương Nam Phi,An táng,,Đỏ,Tiêu hao,Chỉ bán,Đa giáo,Chạm,,Nam Phi,#N/A,#N/A,,#N/A,#N/A
2AQ0153,Quan tài Gỗ Trai Chạm (phật giáo),#N/A,Quan Tài  Gỗ Trai  ,#N/A,Quan tài Gỗ Trai  ,Cái,Gỗ Trai,An táng,,Vàng,Tiêu hao,Chỉ bán,Phật giáo,Chạm,,Việt Nam,#N/A,#N/A,,#N/A,#N/A
2AQ0154,Quan tài Gỗ Trai Chạm (Công giáo),#N/A,Quan Tài  Gỗ Trai  ,#N/A,Quan tài Gỗ Trai  ,Cái,Gỗ Trai,An táng,,Vàng,Tiêu hao,Chỉ bán,Công giáo,Chạm,,Việt Nam,#N/A,#N/A,,#N/A,#N/A
2AQ0155,Quan tài thiếc,#N/A,Quan Tài  Thiếc  ,#N/A,Quan tài Thiếc  ,Cái,Thiếc,An táng,,Bạc,Tiêu hao,Chỉ bán,Đa giáo,,,Việt Nam,#N/A,#N/A,,#N/A,#N/A
2AQ0156,Quan tài thiếc,#N/A,Quan Tài  Thiếc  ,#N/A,Quan tài Thiếc  ,Cái,Thiếc,An táng,,Bạc,Tiêu hao,Chỉ bán,Đa giáo,,,Việt Nam,#N/A,#N/A,,#N/A,#N/A
2AQ0157,Quan Tài Gỗ Sao Nghệ (Gõ Vàng) - Chạm Rồng,QUAN TÀI KIM QUANG,Quan Tài  Gỗ Sao Nghệ  3-4cm,QUAN TÀI GỖ SAO NGHỆ - CHẠM HOA VĂN - 4P,Quan tài Gỗ Sao Nghệ 3-4cm 210 x 79 x 120 (cm),Cái,Gỗ Sao Nghệ,An táng,0,Vàng,Tiêu hao,Chỉ bán,Phật giáo,Chạm,,Việt Nam,3-4cm,0,,210 x 79 x 120 (cm),Phủ bóng
2AQ0158,Quan tài Gỗ Sao Chạm Chúa,#N/A,Quan Tài  Gỗ Sao Cát  ,#N/A,Quan tài Gỗ Sao Cát  ,Cái,Gỗ Sao Cát,An táng,,Vàng,Tiêu hao,Chỉ bán,Công giáo,Chạm,,Việt Nam,#N/A,#N/A,,#N/A,#N/A
2AQ0159,Quan Tài Gỗ Xà Cừ - Trắng - Công Giao,#N/A,Quan Tài  Gỗ Xà Cừ  ,#N/A,Quan tài Gỗ Xà Cừ  ,Cái,Gỗ Xà Cừ,An táng,,Trắng,Tiêu hao,Chỉ bán,Đa giáo,,,Việt Nam,#N/A,#N/A,,#N/A,#N/A
2AQ0160,Hòm thiếc,#N/A,Quan Tài  Thiếc  ,#N/A,Quan tài Thiếc  185 x 50 x 35 (cm),Cái,Thiếc,Hỏa táng,#N/A,Trắng,Tiêu hao,Chỉ bán,Đa giáo,,,Việt Nam,,#N/A,,185 x 50 x 35 (cm),#N/A
2AQ0161,Hòm thiếc,#N/A,Quan Tài  Thiếc  ,#N/A,Quan tài Thiếc  185 x 50 x 30 (cm),Cái,Thiếc,Hỏa táng,#N/A,Trắng,Tiêu hao,Chỉ bán,Đa giáo,,,Việt Nam,,#N/A,,185 x 50 x 30 (cm),#N/A
2AQ0162,Hòm thiếc,#N/A,Quan Tài  Thiếc  ,#N/A,Quan tài Thiếc  95 x 55 x 40 (cm),Cái,Thiếc,Hỏa táng,#N/A,Trắng,Tiêu hao,Chỉ bán,Đa giáo,,,Việt Nam,,#N/A,,95 x 55 x 40 (cm),#N/A
2AQ0163,Quan Tài Gỗ Căm Xe KAW,QUAN TÀI MINH KHANG 1,Quan Tài  Gỗ Căm Xe  4cm,QUAN TÀI GỖ CĂM XE KAW - ĐÀI LOAN - 4P,Quan tài Gỗ Căm Xe 4cm 220 x 80 x 105 (cm),Cái,Gỗ Căm Xe,An táng,0,Đỏ,Tiêu hao,Chỉ bán,Đa giáo,Trơn,,Nam Mỹ,4cm,0,,220 x 80 x 105 (cm),Phủ bóng
2AQ0164,Quan Tài Gỗ Xà Cừ - Chạm Phật Giáo,#N/A,Quan Tài  Gỗ Xà Cừ  ,#N/A,Quan tài Gỗ Xà Cừ  ,Cái,Gỗ Xà Cừ,An táng,,Đỏ,Tiêu hao,Chỉ bán,Phật giáo,Chạm,,Việt Nam,#N/A,#N/A,,#N/A,#N/A
2AQ0165,Quan tài gỗ Căm Xe WPL - Cẩn,QUAN TÀI LÂM TỊNH,Quan Tài  Gỗ Căm Xe  4cm,QUAN TÀI CĂM XE WPL - ĐÀI LOAN - CẨN ĐỒNG QUÊ - 4P,Quan tài Gỗ Căm Xe 4cm 220 x 80 x 105 (cm),Cái,Gỗ Căm Xe,An táng,0,Đỏ,Tiêu hao,Chỉ bán,Đa giáo,Cẩn,,Nam Mỹ,4cm,0,,220 x 80 x 105 (cm),Phủ bóng
2AQ0166,"Quan Tài Công Giáo Đức Giáo Hoàng Gỗ Gụ - Không gồm nhân công liệm, động và đồ liệm",#N/A,Quan Tài  Gỗ Gụ  ,#N/A,Quan tài Gỗ Gụ  ,Cái,Gỗ Gụ,An táng,,Nâu,Tiêu hao,Chỉ bán,Công giáo,,,Mỹ,#N/A,#N/A,,#N/A,#N/A
2AQ0167,Quan tài Gỗ Ngọc Am dát vàng,QUAN TÀI NGỌC AM HOÀNG KIM,Quan Tài  Gỗ Ngọc Am  8cm,QUAN TÀI GỖ NGỌC AM - CHẠM HOA VĂN DÁT VÀNG- 8P,Quan tài Gỗ Ngọc Am 8cm 210 x 67 x 62 (cm),Cái,Gỗ Ngọc Am,An táng,0,Nâu,Tiêu hao,Chỉ bán,Phật giáo,Chạm,,Lào,8cm,0,,210 x 67 x 62 (cm),Phủ bóng
2AQ0168,Quan Tài Gỗ Căm Xe KAW,QUAN TÀI MINH KHANG 2,Quan Tài  Gỗ Căm Xe  5cm,QUAN TÀI GỖ CĂM XE KAW - ĐÀI LOAN - 5P,Quan tài Gỗ Căm Xe 5cm 210 x 80 x 115 (cm),Cái,Gỗ Căm Xe,An táng,0,Đỏ,Tiêu hao,Chỉ bán,Đa giáo,Trơn,,Việt Nam,5cm,0,,210 x 80 x 115 (cm),Phủ bóng
2AQ0169,Hòm thiếc,#N/A,Quan Tài  Thiếc  ,#N/A,Quan tài Thiếc  ,Cái,Thiếc,An táng,,Bạc,Tiêu hao,Chỉ bán,Đa giáo,,,Việt Nam,#N/A,#N/A,,#N/A,#N/A
2AQ0170,Quan Tài Gỗ Sao Nghệ (Gõ Vàng) - Chạm Chúa,#N/A,Quan Tài  Gỗ Sao Nghệ  ,#N/A,Quan tài Gỗ Sao Nghệ  ,Cái,Gỗ Sao Nghệ,An táng,,Vàng,Tiêu hao,Chỉ bán,Công giáo,Chạm,,Việt Nam,#N/A,#N/A,,#N/A,#N/A
2AQ0171,Quan tài Gỗ Ngọc Am,QUAN TÀI NGỌC AM 4,Quan Tài  Gỗ Ngọc Am  5cm,QUAN TÀI GỖ NGỌC AM- CHẠM HOA VĂN - 5P,Quan tài Gỗ Ngọc Am 5cm 207 x 62 x 57 (cm),Cái,Gỗ Ngọc Am,An táng,0,Nâu,Tiêu hao,Chỉ bán,Phật giáo,Chạm,,Lào,5cm,0,,207 x 62 x 57 (cm),Phủ bóng
2AQ0172,Quan Tài Gỗ Đinh Hương (Hương Công Gô) - Trơn,QUAN TÀI ĐINH HƯƠNG 1,Quan Tài  Gỗ Đinh Hương  4cm,QUAN TÀI GỖ ĐINH HƯƠNG - ĐÀI LOAN- 4P,Quan tài Gỗ Đinh Hương 4cm 220 x 80 x 105 (cm),Cái,Gỗ Đinh Hương,An táng,0,Đỏ,Tiêu hao,Chỉ bán,Đa giáo,Trơn,,Công gô,4cm,0,,220 x 80 x 105 (cm),Phủ bóng
2AQ0173,Quan Tài Gỗ Đinh Hương (Hương Công Gô) - Trơn,QUAN TÀI ĐINH HƯƠNG 2,Quan Tài  Gỗ Đinh Hương  5cm,QUAN TÀI GỖ ĐINH HƯƠNG - ĐÀI LOAN- 5P,Quan tài Gỗ Đinh Hương 5cm 220 x 80 x 115 (cm),Cái,Gỗ Đinh Hương,An táng,0,Đỏ,Tiêu hao,Chỉ bán,Đa giáo,Trơn,,Công gô,5cm,0,,220 x 80 x 115 (cm),Phủ bóng
2AQ0174,Quan Tài Gỗ Sao Nghệ (Gõ Vàng) Nắp Tròn - Trơn,QUAN TÀI QUANG NGỌC,Quan Tài  Gỗ Sao Nghệ  6cm,QUAN TÀI GỖ SAO NGHỆ - NẮP TRÒN- 6P,Quan tài Gỗ Sao Nghệ 6cm 220 x 80 x 125 (cm),Cái,Gỗ Sao Nghệ,An táng,0,Vàng,Tiêu hao,Chỉ bán,Đa giáo,Trơn,,Việt Nam,6cm,0,,220 x 80 x 125 (cm),Phủ bóng
2AQ0175,Quan Tài Gỗ Hương Nhập Khẩu - Trơn,QUAN TÀI LINH QUAN,Quan Tài  Gỗ Hương Nam Phí  5cm,QUAN TÀI GỖ HƯƠNG NAM PHI - ĐÀI LOAN - 5P,Quan tài Gỗ Hương Nam Phí 5cm 220 x 80 x 115 (cm),Cái,Gỗ Hương Nam Phí,An táng,0,Đỏ,Tiêu hao,Chỉ bán,Đa giáo,Trơn,,Nam Phi,5cm,0,,220 x 80 x 115 (cm),Phủ bóng
