id,ma_hom,ten_hom,gia_ban,gia_von,hinh_anh,NCC,loai_hom,mo_ta,is_active,created_at,updated_at,kich_thuoc,thong_so_khac,do_day_thanh,don_vi_tinh,tinh_chat,muc_dich_su_dung,so_luong
020d1f29-ee92-4204-8131-ce34247dd645,2AQ0172,Quan Tài Gỗ Đinh Hương (Hương Công Gô) - Trơn,0.00,0.00,,,Đinh Hương (Hương Công Gô),,true,2026-04-03 07:34:08.218719+00,2026-04-13 04:14:04.413884+00,"2,1 x 0,8 x 0,95",,4 cm,Cái,trơn,chôn,2
03e89dd6-697c-4f0b-bf92-381920095786,2AQ0117,Quan tài Malaysia họa tiết hoa sen - 2 nắp,0.00,0.00,,,Nhập Malaysia,,true,2026-04-03 07:33:51.031138+00,2026-04-03 07:33:51.031138+00,"2,13 x 0,72 x 0,75",,,Cái,,chôn,0
06709384-6025-4915-b914-2fbe563cd871,2AQ0147,Quan Tài Gỗ Công Nghiệp - Nâu,0.00,0.00,,,Công Nghiệp,,true,2026-04-03 07:34:00.3019+00,2026-04-03 07:34:00.3019+00,"2,08 x 0,45 x 0,6",,,Cái,,chôn,0
084965c7-553e-485c-b3b8-85c45aa4fd18,2AQ0040,Quan Tài Whitsunday,0.00,0.00,https://woqtdgzldkxmcgjshthx.supabase.co/storage/v1/object/public/product-images/products/2AQ0040_1775553194375.jpg,,Thông,,true,2026-04-03 07:33:24.416751+00,2026-04-13 04:14:05.237062+00,"2,16 x 0,81 x 0,61",,,Cái,,chôn,1
09ab8481-7602-4f1c-9c08-af5b63b29837,2AQ0018,Quan Tài Thiêu Nắp Tròn - Vàng Cẩn,0.00,0.00,https://woqtdgzldkxmcgjshthx.supabase.co/storage/v1/object/public/product-images/products/2AQ0018_1775551742459.jpg,,Công Nghiệp,,true,2026-04-03 07:33:17.820322+00,2026-04-07 08:49:05.092311+00,"2,05 x 0,79 x 1,1",đế 5cm,,Cái,cẩn,thiêu,0
09c290bc-8dfe-4408-adfc-f9503d90d65a,2AQ0070,Quan tài Gỗ Sao Chạm Rồng,0.00,0.00,,,Sao,,true,2026-04-03 07:33:36.081971+00,2026-04-03 07:33:36.081971+00,"2,2 x 0,8 x 1,15",,4 cm,Cái,chạm,chôn,0
09cca24c-6c00-45c8-bf35-7a56c1e7146a,2AQ0064,Quan tài Gỗ Trai Chạm (Phật giáo),0.00,0.00,,,Trai,,true,2026-04-03 07:33:34.136729+00,2026-04-13 04:14:00.270555+00,"2,2 x 0,8 x 1,15",,5 cm,Cái,chạm,chôn,4
0a7b9f14-aba7-4507-94c1-531bba067322,2AQ0126,Quan Tài Gỗ Xà Cừ - Chạm Phật Giáo,0.00,0.00,,,Xà Cừ,,true,2026-04-03 07:33:54.18843+00,2026-04-03 07:33:54.18843+00,"2,1 x 0,8 x 1,2",,3-4 cm,Cái,chạm,chôn,0
0b8df03a-ee03-45b8-a7fd-361a68e27ee0,2AQ0001,Quan Tài Gỗ Căm Xe Nhập Khẩu,0.00,0.00,https://woqtdgzldkxmcgjshthx.supabase.co/storage/v1/object/public/product-images/products/2AQ0001_1775202161912.jpg,,Căm Xe Nhập Khẩu,,true,2026-04-03 07:33:11.812375+00,2026-04-13 04:14:05.703235+00,"2,2 x 0,8 x 1,15",,3 cm,Cái,,chôn,0
0c12d32b-7be4-4826-a048-06c3264e49c5,2AQ0069,Quan tài Gỗ Sao Cát Nắp Tròn,0.00,0.00,,,Sao Cát,,true,2026-04-03 07:33:35.663248+00,2026-04-03 07:33:35.663248+00,"2,2 x 0,8 x 1,4",,6 cm,Cái,,chôn,0
0e0757cc-e3d5-48c2-bceb-170bf9c4fde4,2AQ0095,Quan tài Thiêu Nắp Tròn - Vàng/ Nâu Cẩn,0.00,0.00,,,Công Nghiệp,,true,2026-04-03 07:33:44.041942+00,2026-04-03 07:33:44.041942+00,"2,05 x 0,79 x 1,1",,,Cái,cẩn,thiêu,0
108caa5c-a8c7-4d79-9004-dfc2b125ea64,2AQ0027,Quan tài Gỗ Ngọc Am,0.00,0.00,https://woqtdgzldkxmcgjshthx.supabase.co/storage/v1/object/public/product-images/products/2AQ0027_1775552115567.jpg,,Ngọc Am,,true,2026-04-03 07:33:20.487697+00,2026-04-07 08:55:18.611682+00,"2 x 0,55 x 0,5",địa 12cm; thiên 10cm,8 cm,Cái,,chôn,0
10eb89b0-a0ba-4b92-bb7b-c0890df187b3,2AQ0140,Quan tài Gỗ Vàng Tâm,0.00,0.00,,,Vàng Tâm,,true,2026-04-03 07:33:58.52295+00,2026-04-03 07:33:58.52295+00,"2,09 x 0,62 x 0,62",địa 10cm; thiên 10cm,7 cm,Cái,,chôn,0
12d4eecd-142f-4678-8b81-e83950bdd874,2AQ0084,Quan tài Gỗ Sao Lục Giác,0.00,0.00,,,Sao,,true,2026-04-03 07:33:40.795435+00,2026-04-03 07:33:40.795435+00,"2,15 x 0,8 x 0,95",,3 cm,Cái,,chôn,0
130f0264-1966-4439-bf59-3ccb72dd1cc9,2AQ0079,Quan tài Malaysia họa tiết hoa sen - 3 nắp,0.00,0.00,,,Nhập Malaysia,,true,2026-04-03 07:33:39.046644+00,2026-04-03 07:33:39.046644+00,"2,13 x 0,72 x 0,75",,,Cái,,chôn,0
137561aa-af3c-417f-939b-0564e867cfe2,2AQ0061,Quan tài Gỗ Trai - Cẩn,0.00,0.00,,,Trai,,true,2026-04-03 07:33:33.240197+00,2026-04-13 04:14:00.134405+00,"2,2 x 0,8 x 1,15",,5 cm,Cái,cẩn,chôn,1
137ca3b5-355e-4457-a33d-eebc3c284ec7,2AQ0114,Quan Tài Nhập 2 Nắp Gỗ Sồi,0.00,0.00,,,Sồi,,true,2026-04-03 07:33:49.979727+00,2026-04-03 07:33:49.979727+00,"2,09 x 0,62 x 0,79",,,Cái,,chôn,0
14a7491d-542c-49dc-91df-790097d997b7,2AQ0146,Quan tài Asuka,0.00,0.00,,,Công Nghiệp,,true,2026-04-03 07:34:00.004561+00,2026-04-03 07:34:00.004561+00,"2,15 x 0,8 x 2,6",,,Cái,,chôn,0
14fbd10d-8366-4263-99ff-dd05a31b71c4,2AQ0121,Quan Tài Gỗ Căm Xe WPL (gỗ nhập) - Trơn,0.00,0.00,,,Căm Xe WPL (Gỗ Nhập),,true,2026-04-03 07:33:52.401817+00,2026-04-03 07:33:52.401817+00,"2,1 x 0,8 x 1,2",,5 cm,Cái,trơn,chôn,0
16844ac1-fc57-415a-b008-491275cbb5cf,2AQ0134,Quan Tài Gỗ Hương Huyết - Cối Nắp Tròn,0.00,0.00,,,Hương Huyết,,true,2026-04-03 07:33:56.732102+00,2026-04-13 04:14:03.111427+00,"Nắp cao 46cm, thùng 65,5cm, dài 193cm, ngang 66cm",liệt 12cm,5 cm,Cái,,chôn,1
19a56182-f7f4-4e31-94f5-915d87051dbc,2AQ0006,Quan tài Gỗ Sao Cát - Cẩn,0.00,0.00,https://woqtdgzldkxmcgjshthx.supabase.co/storage/v1/object/public/product-images/products/2AQ0006_1775550293746.jpg,,Sao Cát,,true,2026-04-03 07:33:13.705063+00,2026-04-07 08:24:56.043833+00,"2,2 x 0,8 x 1,15",,5 cm,Cái,cẩn,chôn,0
1a4eed1b-53d4-429f-b301-eb43e25826ae,2AQ0136,Quan Tài Gỗ Gõ Ghana - Trơn,0.00,0.00,,,Gõ Ghana,,true,2026-04-03 07:33:57.330208+00,2026-04-13 04:14:03.353913+00,"2,1 x 0,8 x 1,2",,5 cm,Cái,trơn,chôn,1
1a637109-af93-4141-a7cc-ddbec47feba3,2AQ0054,Quan tài Gỗ Hương Nhập Khẩu Nắp Tròn,0.00,0.00,https://woqtdgzldkxmcgjshthx.supabase.co/storage/v1/object/public/product-images/products/2AQ0054_1775556418026.jpg,,Hương Nhập Khẩu,,true,2026-04-03 07:33:28.658862+00,2026-04-07 10:07:00.119766+00,"2,2 x 0,8 x 1,4",,5 cm,Cái,,chôn,0
1bc8c8a0-0dd8-4696-8fa4-6757e67ca156,2AQ0089,Quan tài Thiêu Trung - Trắng (công giáo),0.00,0.00,,,Công Nghiệp,,true,2026-04-03 07:33:42.27644+00,2026-04-03 07:33:42.27644+00,"2,05 x 0,8 x 0,95",,,Cái,,thiêu,0
1c128ebf-d7fe-415b-8485-48cd13e19e34,2AQ0013,Quan Tài Thiêu Trung - Trắng,0.00,0.00,https://woqtdgzldkxmcgjshthx.supabase.co/storage/v1/object/public/product-images/products/2AQ0013_1775550989917.jpg,,Công Nghiệp,,true,2026-04-03 07:33:16.265147+00,2026-04-13 04:14:05.001884+00,"2,05 x 0,68 x 0,9",,,Cái,,thiêu,1
1c16b03f-1501-47d4-a99c-1779aaac2860,2AQ0159,Quan Tài Gỗ Xà Cừ - Trắng - Công Giao,0.00,0.00,,,Xà Cừ,,true,2026-04-03 07:34:04.179415+00,2026-04-03 07:34:04.179415+00,"2,1 x 0,8 x 1,05",,3 cm,Cái,,chôn,0
1cffa44d-1781-4ce7-a6e4-4697ce51d5f0,2AQ0142,Quan tài Gỗ Vàng Tâm,0.00,0.00,,,Vàng Tâm,,true,2026-04-03 07:33:58.818581+00,2026-04-03 07:33:58.818581+00,"2 x 0,55 x 5",địa 5cm; thiên 10cm,5 cm,Cái,,chôn,0
2150651c-acb3-4880-b15d-541d0de04add,2AQ0080,Quan tài Gỗ Xà Cừ,0.00,0.00,,,Xà Cừ,,true,2026-04-03 07:33:39.353254+00,2026-04-03 07:33:39.353254+00,"2,2 x 0,8 x 1,15",,5 cm,Cái,,chôn,0
215353b7-b88a-4315-bc24-4bd9b660fc9a,2AQ0092,Quan tài Gỗ Sồi,0.00,0.00,,,Sồi,,true,2026-04-03 07:33:43.164584+00,2026-04-03 07:33:43.164584+00,"2,2 x 0,78 x 0,69",,,Cái,,chôn,0
25098eb3-8669-44cb-8a20-d863f138b247,2AQ0138,Quan Tài Gỗ Lim Nam Phi - Trơn - Vàng (Lim Xanh),0.00,0.00,,,Lim Nam Phi,,true,2026-04-03 07:33:57.912281+00,2026-04-03 07:33:57.912281+00,"2,1 x 0,79 x 1,05",,4 cm,Cái,trơn,chôn,0
28e2ae14-a96c-46f8-a835-84bee9c2b04f,2AQ0099,Quan Tài Thiêu Công Giáo - Vàng,0.00,0.00,,,Công Nghiệp,,true,2026-04-03 07:33:45.293061+00,2026-04-03 07:33:45.293061+00,"2,05 x 0,67 x 0,79",,,Cái,,thiêu,0
2a77de73-3ce4-4d86-9e7f-37aa2f14c054,2AQ0093,Quan tài Gỗ Trai,0.00,0.00,,,Trai,,true,2026-04-03 07:33:43.460123+00,2026-04-03 07:33:43.460123+00,"2,2 x 0,78 x 0,69",,,Cái,,chôn,0
2bb763ce-e3dc-4869-81d9-53908897ace7,2AQ0100,Quan tài Gỗ Ngọc Am,0.00,0.00,,,Ngọc Am,,true,2026-04-03 07:33:45.702336+00,2026-04-13 04:14:00.802264+00,"2,2 x 0,74 x 0,67","địa 10cm; lọt lòng 0,48m; thiên 12cm",10 cm,Cái,,chôn,8
2c736584-4d70-42f5-a492-231c2afac7d8,2AQ0046,Quan tài William,0.00,0.00,https://woqtdgzldkxmcgjshthx.supabase.co/storage/v1/object/public/product-images/products/2AQ0046_1775555551071.jpg,,Tuyết Tùng,,true,2026-04-03 07:33:26.169144+00,2026-04-13 04:14:00.5473+00,"2,16 x 0,81 x 0,61",,,Cái,,chôn,6
3068c1ae-c6d3-4927-af89-6843618c5d01,2AQ0042,Quan tài Rutherford,0.00,0.00,https://woqtdgzldkxmcgjshthx.supabase.co/storage/v1/object/public/product-images/products/2AQ0042_1775553209480.jpg,,Tuyết Tùng,,true,2026-04-03 07:33:24.996242+00,2026-04-13 04:14:05.352319+00,"2,073 x 0,686 x 0,505",,,Cái,,chôn,1
30f92237-ae16-4131-9f50-ab78e230e540,2AQ0015,Quan Tài Thiêu Trung - Vàng,0.00,0.00,https://woqtdgzldkxmcgjshthx.supabase.co/storage/v1/object/public/product-images/products/2AQ0015_1775551006408.jpg,,Công Nghiệp,,true,2026-04-03 07:33:16.925647+00,2026-04-13 04:14:05.126384+00,"2,05 x 0,68 x 0,9",,,Cái,,thiêu,2
3146fc09-ffc1-4a3f-9a5b-1cf50bee2d77,2AQ0105,Quan Tài Gỗ Xà Cừ - Cẩn Ốc,0.00,0.00,,,Xà Cừ,,true,2026-04-03 07:33:47.265662+00,2026-04-13 04:14:01.049951+00,"2,1 x 0,8 x 1,2",,5 cm,Cái,cẩn,chôn,1
3290d246-ae59-4df9-9439-40f6827f9d15,2AQ0024,Quan tài Gỗ Hương Việt Nam,0.00,0.00,https://woqtdgzldkxmcgjshthx.supabase.co/storage/v1/object/public/product-images/products/2AQ0024_1775552093532.jpg,,Hương Việt Nam,,true,2026-04-03 07:33:19.59235+00,2026-04-07 08:54:55.688678+00,"2,2 x 0,8 x 1,15",,5 cm,Cái,,chôn,0
32a238a7-b86b-479b-9d2e-e3b2421d7b9b,2AQ0028,Quan tài Gỗ Hương Việt Nam Nắp Tròn,0.00,0.00,https://woqtdgzldkxmcgjshthx.supabase.co/storage/v1/object/public/product-images/products/2AQ0028_1775552286420.jpg,,Hương Việt Nam,,true,2026-04-03 07:33:20.801444+00,2026-04-07 08:58:09.584007+00,"2,2 x 0,8 x 1,4",,6 cm,Cái,,chôn,0
352ef9dd-fb06-46c2-bdf2-3d67630b16a3,2AQ0005,Quan Tài Gỗ Căm Xe - Cẩn,0.00,0.00,https://woqtdgzldkxmcgjshthx.supabase.co/storage/v1/object/public/product-images/products/2AQ0005_1775550258554.jpg,,Căm Xe,,true,2026-04-03 07:33:13.332081+00,2026-04-07 08:24:22.02853+00,"2 x 0,8 x 1,15",,5 cm,Cái,cẩn,chôn,0
356a05b5-2484-473f-996d-616c6ff0ad36,2AQ0076,Quan tài Gỗ căm xe chạm - Vàng/Nâu,0.00,0.00,,,Căm Xe,,true,2026-04-03 07:33:37.999841+00,2026-04-03 07:33:37.999841+00,"2,2 x 0,8 x 1,4",,5 cm,Cái,chạm,chôn,0
35ad7a68-1a90-45ea-b9b4-d856d1fb1de2,2AQ0102,Quan Tài Gỗ Căm Xe Nhập Khẩu,0.00,0.00,,,Căm Xe Nhập Khẩu,,true,2026-04-03 07:33:46.387346+00,2026-04-03 07:33:46.387346+00,"2,2 x 0,8 x 1,15",,5 cm,Cái,,chôn,0
38f3cd64-7a7b-4f5e-9c27-2ec648d3a7f4,2AQ0130,Quan Tài Gỗ Sao Nghệ (Gõ Vàng) - Cẩn (đồng quê),0.00,0.00,,,Sao Nghệ (Gõ,,true,2026-04-03 07:33:55.528614+00,2026-04-13 04:14:02.74359+00,"2,1 x 0,8 x 1,2",,5 cm,Cái,cẩn,chôn,1
3ee728bb-27d1-45b7-999d-7e7b0fb706d9,2AQ0009,Quan Tài Gỗ Hương Nhập khẩu Chạm,0.00,0.00,https://woqtdgzldkxmcgjshthx.supabase.co/storage/v1/object/public/product-images/products/2AQ0009_1775550603153.jpg,,Hương Nhập Khẩu,,true,2026-04-03 07:33:14.806942+00,2026-04-13 04:13:59.056257+00,"2 x 0,8 x 1,15",,5 cm,Cái,chạm,chôn,1
3fd10e9f-dcea-48f7-b042-1f2aa906d4a0,2AQ0067,Quan tài Gỗ Trai Nắp Tròn,0.00,0.00,,,Trai,,true,2026-04-03 07:33:35.03156+00,2026-04-03 07:33:35.03156+00,"2,2 x 0,8 x 1,4",,6 cm,Cái,,chôn,0
3ffffad6-64e6-4288-8105-1b76b31ee357,2AQ0143,Quan tài Gỗ Vàng Tâm,0.00,0.00,,,Vàng Tâm,,true,2026-04-03 07:33:59.115618+00,2026-04-03 07:33:59.115618+00,,địa 7cm; thiên 10cm,7 cm,Cái,,chôn,0
40917b6b-249b-4ee0-bc02-92725e817d92,2AQ0035,Quan tài Gỗ Căm Xe Nắp Tròn,0.00,0.00,https://woqtdgzldkxmcgjshthx.supabase.co/storage/v1/object/public/product-images/products/2AQ0035_1775552592620.jpg,,Căm Xe,,true,2026-04-03 07:33:22.928526+00,2026-04-07 09:03:15.232443+00,"2,2 x 0,8 x 1,4",,5 cm,Cái,,chôn,0
46015f99-8b32-4b15-9bcb-e2c301ef647b,2AQ0152,Quan Tài Gỗ Hương Nhập khẩu Chạm,0.00,0.00,,,Hương Nhập Khẩu,,true,2026-04-03 07:34:02.063114+00,2026-04-03 07:34:02.063114+00,"2 x 0,8 x 1,15",,4 cm,Cái,chạm,chôn,0
4b3bc02c-353e-4deb-8771-8f20d3398ac3,2AQ0118,Quan Tài Gỗ Lim Nam Phi - Đỏ - Trơn,0.00,0.00,,,Lim Nam Phi,,true,2026-04-03 07:33:51.366785+00,2026-04-13 04:14:02.107898+00,"2,1 x 0,79 x 1,05",,4 cm,Cái,trơn,chôn,2
4c13ff00-8193-4ccc-a756-34a8747fabf3,2AQ0108,Quan tài Thiêu 2 Nắp - Trắng,0.00,0.00,,,Công Nghiệp,,true,2026-04-03 07:33:48.147909+00,2026-04-03 07:33:48.147909+00,"2,03 x 0,65 x 0,74",,,Cái,,thiêu,0
4ce37e57-f86b-492a-b21a-095f985c9f8d,2AQ0065,Quan tài Gỗ Trai Nắp Tròn - Cẩn,0.00,0.00,,,Trai,,true,2026-04-03 07:33:34.448743+00,2026-04-03 07:33:34.448743+00,"2,2 x 0,8 x 1,4",,6 cm,Cái,cẩn,chôn,0
4ce4e8c2-39f2-4579-b85a-48e4eff5c661,2AQ0087,Quan tài Thiêu Trung - Vàng (công giáo),0.00,0.00,,,Công Nghiệp,,true,2026-04-03 07:33:41.674261+00,2026-04-03 07:33:41.674261+00,"2,05 x 0,8 x 0,95",,,Cái,,thiêu,0
4dd4be37-c6d5-4569-a186-661c1558b1a2,2AQ0096,Quan tài Thiêu Nắp Tròn - Vàng/ Nâu,0.00,0.00,,,Công Nghiệp,,true,2026-04-03 07:33:44.345286+00,2026-04-03 07:33:44.345286+00,"2,05 x 0,79 x 1,1",đế 6cm,,Cái,,thiêu,0
4f791040-6c19-48e1-8eba-419b1bed157b,2AQ0008,Quan Tài Gỗ Hương Nhập Khẩu,0.00,0.00,https://woqtdgzldkxmcgjshthx.supabase.co/storage/v1/object/public/product-images/products/2AQ0008_1775550475205.jpg,,Hương Nhập Khẩu,,true,2026-04-03 07:33:14.436778+00,2026-04-07 08:27:58.078255+00,"2 x 0,8 x 1,15",,5 cm,Cái,,chôn,0
5009a4fd-3e1f-4502-81b0-3d0251af88cc,2AQ0025,Quan tài Gỗ Hương Việt Nam - Cẩn,0.00,0.00,https://woqtdgzldkxmcgjshthx.supabase.co/storage/v1/object/public/product-images/products/2AQ0025_1775552100396.jpg,,Hương Việt Nam,,true,2026-04-03 07:33:19.891042+00,2026-04-07 08:55:03.744692+00,"2,2 x 0,8 x 1,15",,5 cm,Cái,cẩn,chôn,0
506b6074-6eb6-46f0-9f77-9bc80cc48098,2AQ0029,Quan tài Gỗ Căm Xe Nắp Sen,0.00,0.00,https://woqtdgzldkxmcgjshthx.supabase.co/storage/v1/object/public/product-images/products/2AQ0029_1775552293660.jpg,,Căm Xe,,true,2026-04-03 07:33:21.090694+00,2026-04-07 08:58:17.1979+00,"1,96 x 0,7 x 1,33",địa 12cm,5 cm,Cái,,chôn,0
50d5aea4-c67c-4f3a-a23a-0bb0be183f86,2AQ0122,Quan Tài Gỗ Căm Xe WPL (gỗ nhập) - Chạm,0.00,0.00,,,Căm Xe WPL (Gỗ Nhập),,true,2026-04-03 07:33:52.76904+00,2026-04-03 07:33:52.76904+00,"2,1 x 0,8 x 1,2",,4-5 cm,Cái,chạm,chôn,0
5180290b-46f8-41aa-9fdb-297bd7b90764,2AQ0063,Quan tài Gỗ Trai Chạm (công giáo),0.00,0.00,,,Trai,,true,2026-04-03 07:33:33.842271+00,2026-04-03 07:33:33.842271+00,"2,2 x 0,8 x 1,15",,4 cm,Cái,chạm,chôn,0
592f7215-df2d-4ee9-b3dd-500ae0542e0a,2AQ0071,Quan tài Gỗ Sao Nắp Tròn - Cẩn,0.00,0.00,,,Sao,,true,2026-04-03 07:33:36.467298+00,2026-04-03 07:33:36.467298+00,"2,2 x 0,8 x 1,4",,5 cm,Cái,cẩn,chôn,0
596700c3-73e1-478d-a4a0-845767a147de,2AQ0052,Quan tài Gỗ Hương Nhập Khẩu Nắp Sen - Cẩn,0.00,0.00,https://woqtdgzldkxmcgjshthx.supabase.co/storage/v1/object/public/product-images/products/2AQ0052_1775556311449.jpg,,Hương Nhập Khẩu,,true,2026-04-03 07:33:27.91184+00,2026-04-07 10:05:12.066833+00,"1,96 x 0,7 x 1,33",,6 cm,Cái,cẩn,chôn,0
5cacbb14-b98e-4bd6-8e19-462d880db081,2AQ0151,Quan Tài Gỗ Sao Nghệ (Gõ Vàng) - Cẩn,0.00,0.00,,,Sao Nghệ (Gõ,,true,2026-04-03 07:34:01.76922+00,2026-04-03 07:34:01.76922+00,"2,1 x 0,8 x 1,05",,4 cm,Cái,cẩn,chôn,0
5db3f5b8-25a0-420b-b227-75fa262602f8,2AQ0044,Quan tài Calgary,0.00,0.00,https://woqtdgzldkxmcgjshthx.supabase.co/storage/v1/object/public/product-images/products/2AQ0044_1775555075959.jpg,,Dương,,true,2026-04-03 07:33:25.5753+00,2026-04-13 04:14:05.472004+00,"2,175 x 0,81 x 0,61",,,Cái,,chôn,3
617d8e9d-0bc7-473c-9f07-c01e3fdf318c,2AQ0014,Quan Tài Thiêu Trung - Nâu Cẩn,0.00,0.00,https://woqtdgzldkxmcgjshthx.supabase.co/storage/v1/object/public/product-images/products/2AQ0014_1775550999700.jpg,,Công Nghiệp,,true,2026-04-03 07:33:16.598154+00,2026-04-13 04:13:59.34288+00,"2,05 x 0,68 x 0,9",,,Cái,cẩn,thiêu,3
61aef2b6-97dc-4a3b-a27e-1719eaad8f9a,2AQ0154,Quan tài Gỗ Trai Chạm (Công giáo),0.00,0.00,,,Trai,,true,2026-04-03 07:34:02.657722+00,2026-04-03 07:34:02.657722+00,"2,2 x 0,8 x 1,15",,5 cm,Cái,chạm,chôn,0
61bbc08f-b173-455f-b012-bf04d93b0982,2AQ0075,Quan tài Gỗ Căm Xe Chạm,0.00,0.00,,,Căm Xe,,true,2026-04-03 07:33:37.641773+00,2026-04-03 07:33:37.641773+00,"2,2 x 0,8 x 1,15",,4 cm,Cái,chạm,chôn,0
62bc3455-3651-47c1-8c4c-f8c24c3d5969,2AQ0094,Quan tài Thiêu Chạm - (Vàng/Nâu),0.00,0.00,,,Công Nghiệp,,true,2026-04-03 07:33:43.75473+00,2026-04-03 07:33:43.75473+00,"2,05 x 0,8 x 0,95",,,Cái,chạm,thiêu,0
639cb00f-9d9c-4141-9bf4-e4f3065c834c,2AQ0057,Quan tài Gỗ Ngọc Am,0.00,0.00,https://woqtdgzldkxmcgjshthx.supabase.co/storage/v1/object/public/product-images/products/2AQ0057_1775556706522.jpg,,Ngọc Am,,true,2026-04-03 07:33:30.665906+00,2026-04-07 10:11:47.233454+00,"2,09 x 0,62 x 0,62",địa 10cm; thiên 10cm,7 cm,Cái,,chôn,0
639f4f90-bcc1-4730-ab06-80f64dcd9609,2AQ0155,Quan tài thiếc,0.00,0.00,,,Thiếc,,true,2026-04-03 07:34:02.959432+00,2026-04-03 07:34:02.959432+00,"2,1 x 0,79 x 0,58",,,Cái,,chôn,0
66484360-6baa-485e-ac61-14a23afeff2d,2AQ0109,Quan tài Thiêu 1 Nắp - Trắng,0.00,0.00,,,Công Nghiệp,,true,2026-04-03 07:33:48.445326+00,2026-04-13 04:14:01.435975+00,"2,03 x 0,65 x 0,74",,,Cái,,thiêu,1
670b6ea1-b03a-4a34-98fd-3fcedc260a16,2AQ0082,Quan tài Gỗ Cẩm Nắp Tròn - Vàng,0.00,0.00,,,Cẩm,,true,2026-04-03 07:33:40.12364+00,2026-04-03 07:33:40.12364+00,"2,2 x 0,8 x 1,4",,6 cm,Cái,,chôn,0
67715d4d-b4bf-4dd1-9200-66f3cb0245ae,2AQ0111,"Quan Tài Thiêu Huyền Cung 1, bóng sáng - 1 nắp",0.00,0.00,,,,,true,2026-04-03 07:33:49.020724+00,2026-04-03 07:33:49.020724+00,"2,58 x 0,67 x 0,62",,,Cái,,thiêu,0
69ef3e87-c38e-4e9f-9225-826a504139cb,2AQ0162,Hòm thiếc,0.00,0.00,,,Thiếc,,true,2026-04-03 07:34:05.119428+00,2026-04-03 07:34:05.119428+00,"1,95 x 0,55 x 0,4",,"0,58 zem",Cái,,chôn,0
6cbaf72e-59bf-420b-8521-de3be505d36e,2AQ0132,Quan Tài Gỗ Sao Nghệ (Gõ Vàng) - Cối Nắp Cuối,0.00,0.00,,,Sao Nghệ (Gõ,,true,2026-04-03 07:33:56.146273+00,2026-04-13 04:14:02.873718+00,"2,2 x 0,8 x 1,3",liệt 12cm,5 cm,Cái,,chôn,1
6d112a96-180e-4c58-a145-5685a8549bd9,2AQ0060,Quan tài Gỗ Trai Việt Nam Nắp Sen,0.00,0.00,https://woqtdgzldkxmcgjshthx.supabase.co/storage/v1/object/public/product-images/products/2AQ0060_1775556890475.jpg,,Trai Việt Nam,,true,2026-04-03 07:33:32.808594+00,2026-04-07 10:14:51.890421+00,"1,96 x 0,7 x 1,33",,6 cm,Cái,,chôn,0
6f0c28cc-9a78-465b-935a-1e78a422778f,2AQ0083,Quan tài Thiết,0.00,0.00,,,Thiết,,true,2026-04-03 07:33:40.502063+00,2026-04-03 07:33:40.502063+00,"2,13 x 0,72 x 0,75",,,Cái,,chôn,0
6feee70c-fe09-4e30-b882-b3fce0a62834,2AQ0031,Quan tài Nhập Malaysia - 1 nắp - Nâu,0.00,0.00,https://woqtdgzldkxmcgjshthx.supabase.co/storage/v1/object/public/product-images/products/2AQ0031_1775552564754.jpg,,Nhập Malaysia,,true,2026-04-03 07:33:21.759326+00,2026-04-07 09:02:47.677583+00,"2,13 x 0,72 x 0,75",,,Cái,,chôn,0
74469635-52b7-464d-9151-4c2258156d30,2AQ0081,Quan tài Gỗ Sao chạm,0.00,0.00,,,Sao,,true,2026-04-03 07:33:39.741318+00,2026-04-03 07:33:39.741318+00,"2,2 x 0,8 x 1,4",,5 cm,Cái,chạm,chôn,0
7495ac38-f59c-4fa8-8681-a36c6c07fb3b,2AQ0030,Quan tài Nhập Malaysia - 1 nắp - Trắng,0.00,0.00,https://woqtdgzldkxmcgjshthx.supabase.co/storage/v1/object/public/product-images/products/2AQ0030_1775552554939.jpg,,Nhập Malaysia,,true,2026-04-03 07:33:21.460912+00,2026-04-07 09:02:38.09152+00,"2,13 x 0,72 x 0,75",,,Cái,,chôn,0
75eca92f-9494-4d1b-81ad-693b3a0864e8,2AQ0053,Quan tài Gỗ Hương Nhập Khẩu Nắp Tròn - Cẩn,0.00,0.00,https://woqtdgzldkxmcgjshthx.supabase.co/storage/v1/object/public/product-images/products/2AQ0053_1775556299084.jpg,,Hương Nhập Khẩu,,true,2026-04-03 07:33:28.263515+00,2026-04-07 10:04:59.971804+00,"2,2 x 0,8 x 1,4",,5 cm,Cái,cẩn,chôn,0
7a25e288-5cd0-47f9-9cd8-905885cf3b32,2AQ0163,Quan Tài Gỗ Căm Xe KAW,0.00,0.00,,,Căm Xe KAW,,true,2026-04-03 07:34:05.438349+00,2026-04-13 04:14:03.892935+00,"2,1 x 0,8 x 0,95",,4 cm,Cái,,chôn,8
7a5437c8-11a4-4a07-9a28-5b454b622323,2AQ0161,Hòm thiếc,0.00,0.00,,,Thiếc,,true,2026-04-03 07:34:04.812567+00,2026-04-03 07:34:04.812567+00,"1,85 x 0,5 x 0,3",,"0,58 zem",Cái,,chôn,0
7d36c72d-d64d-4d1e-ab6d-946cc33e5bf8,2AQ0020,Quan tài Gỗ Vàng Tâm - Nâu,0.00,0.00,https://woqtdgzldkxmcgjshthx.supabase.co/storage/v1/object/public/product-images/products/2AQ0020_1775551852969.jpg,,Vàng Tâm,,true,2026-04-03 07:33:18.414881+00,2026-04-07 08:50:55.489858+00,"2,09 x 0,72 x 0,65",địa 10cm; thiên 12cm,10 cm,Cái,,chôn,0
7e875747-2d0b-48c6-9d2e-aaecae2f73c3,2AQ0123,Quan Tài Gỗ Căm Xe WPL - Cối Nắp Tròn,0.00,0.00,,,Căm Xe WPL,,true,2026-04-03 07:33:53.130388+00,2026-04-03 07:33:53.130388+00,"2,2 x 0,8 x 1,3",liệt 14cm,6 cm,Cái,,chôn,0
7f5d1f3d-2336-45bb-a22c-5f0e2e75e1ea,2AQ0012,Quan Tài Thiêu Nhí - Nâu,0.00,0.00,https://woqtdgzldkxmcgjshthx.supabase.co/storage/v1/object/public/product-images/products/2AQ0012_1775550772719.jpg,,Công Nghiệp,,true,2026-04-03 07:33:15.944843+00,2026-04-13 04:13:58.917079+00,"2,05 x 0,67 x 0,79",,,Cái,,thiêu,12
7f7a7b2c-132f-4982-b0b9-793c56815184,2AQ0048,Quan tài Gỗ Gõ Nắp Sen - Cẩn,0.00,0.00,https://woqtdgzldkxmcgjshthx.supabase.co/storage/v1/object/public/product-images/products/2AQ0048_1775555570980.jpg,,Gõ,,true,2026-04-03 07:33:26.755049+00,2026-04-07 09:52:52.046287+00,"1,96 x 0,7 x 1,33",,6 cm,Cái,cẩn,chôn,0
7fd8bc37-a081-4465-8d13-1ef1d0c961cb,2AQ0011,Quan Tài Thiêu Nhí - Vàng,0.00,0.00,https://woqtdgzldkxmcgjshthx.supabase.co/storage/v1/object/public/product-images/products/2AQ0011_1775550766787.jpg,,Công Nghiệp,,true,2026-04-03 07:18:49.200362+00,2026-04-13 04:13:59.193506+00,"2,05 x 0,67 x 0,79",,,Cái,,thiêu,9
7fe609b7-009d-44f0-b790-7c087e0b95b0,2AQ0125,Quan Tài Gỗ Xà Cừ - Chạm Công Giáo,0.00,0.00,,,Xà Cừ,,true,2026-04-03 07:33:53.851866+00,2026-04-03 07:33:53.851866+00,"2,1 x 0,8 x 1,2",,4-5 cm,Cái,chạm,chôn,0
83f0688b-0f92-4151-98b9-9a79873862ab,2AQ0016,Quan Tài Thiêu Nắp Tròn - Vàng Trơn,0.00,0.00,https://woqtdgzldkxmcgjshthx.supabase.co/storage/v1/object/public/product-images/products/2AQ0016_1775551012812.jpg,,Công Nghiệp,,true,2026-04-03 07:33:17.232073+00,2026-04-07 08:36:54.852417+00,"2,05 x 0,79 x 1,1",đế 5cm,,Cái,trơn,thiêu,0
85b50f55-4ca9-44b0-8738-96eaa7922580,2AQ0050,Quan tài Gỗ Hương Việt Nam Nắp Sen,0.00,0.00,https://woqtdgzldkxmcgjshthx.supabase.co/storage/v1/object/public/product-images/products/2AQ0050_1775555768872.jpg,,Hương Việt Nam,,true,2026-04-03 07:33:27.334867+00,2026-04-13 04:14:00.681861+00,"1,96 x 0,7 x 1,33",,6 cm,Cái,,chôn,1
87ffde5e-eac9-4f8a-be3b-6706df358695,2AQ0149,"Quan Tài Thiêu Huyền Cung 4, bóng sáng - 1 nắp",0.00,0.00,,,,,true,2026-04-03 07:34:01.1784+00,2026-04-13 04:14:03.598178+00,"2,06 x 0,67 x 0,62",,,Cái,,thiêu,1
89c97183-ca51-42e7-b980-c5240b790cc0,2AQ0023,Quan Tài Gỗ Hương Bình Phước,0.00,0.00,https://woqtdgzldkxmcgjshthx.supabase.co/storage/v1/object/public/product-images/products/2AQ0023_1775552086851.jpg,,Hương Bình Phước,,true,2026-04-03 07:33:19.303998+00,2026-04-13 04:13:59.569129+00,"2,03 x 0,82 x 1,02",,,Cái,,chôn,1
8dfce0e1-bd95-46b9-a1c7-f6c28984a319,2AQ0101,Quan tài Gỗ Ngọc Am Dát Vàng,0.00,0.00,,,Ngọc Am,,true,2026-04-03 07:33:46.098431+00,2026-04-03 07:33:46.098431+00,"2,22 x 0,72 x 0,65","địa 10cm; lọt lòng 1,82 x 0,42 x 0,39; thiên 12cm",10 cm,Cái,,chôn,0
90704347-f8a6-4b88-9708-f15c6c5e28d3,2AQ0073,Quan tài Gỗ Căm Xe Nắp Tròn,0.00,0.00,,,Căm Xe,,true,2026-04-03 07:33:37.055863+00,2026-04-03 07:33:37.055863+00,"2,2 x 0,8 x 1,4",,6 cm,Cái,,chôn,0
95b174f7-a15e-464b-be98-78a96fd441fe,2AQ0074,Quan tài Gỗ Căm Xe - Cẩn,0.00,0.00,,,Căm Xe,,true,2026-04-03 07:33:37.355757+00,2026-04-03 07:33:37.355757+00,"2,2 x 0,8 x 1,15",,3 cm,Cái,cẩn,chôn,0
95bb148c-5a6b-4fa7-ae49-83ba5f19c8a1,2AQ0056,Quan tài Gỗ Ngọc Am,0.00,0.00,https://woqtdgzldkxmcgjshthx.supabase.co/storage/v1/object/public/product-images/products/2AQ0056_1775556699040.jpg,,Ngọc Am,,true,2026-04-03 07:33:29.613507+00,2026-04-07 10:11:40.767303+00,"2,22 x 0,72 x 0,65","địa 10cm; lọt lòng 1,82 x 0,42 x 0,39; thiên 12cm",10 cm,Cái,,chôn,0
96b73766-18da-4672-a885-1fa4903d052e,2AQ0055,Quan tài Gỗ Hương Nhập Khẩu Nắp Tròn,0.00,0.00,https://woqtdgzldkxmcgjshthx.supabase.co/storage/v1/object/public/product-images/products/2AQ0055_1775556428585.jpg,,Hương Nhập Khẩu,,true,2026-04-03 07:33:29.089873+00,2026-04-07 10:07:09.210171+00,"2,2 x 0,8 x 1,4",,6 cm,Cái,,chôn,0
96f46acc-869a-48fe-a284-2da7ccad73de,2AQ0153,Quan tài Gỗ Trai Chạm (phật giáo),0.00,0.00,,,Trai,,true,2026-04-03 07:34:02.363864+00,2026-04-03 07:34:02.363864+00,"2,2 x 0,8 x 1,15",,4 cm,Cái,chạm,chôn,0
987e1ded-ac0b-44de-aecb-53f5e28db940,2AQ0139,Quan Tài Gỗ Sao Nghệ (Gõ Vàng) - Chạm Chúa,0.00,0.00,,,Sao Nghệ (Gõ,,true,2026-04-03 07:33:58.231597+00,2026-04-13 04:14:03.468967+00,"2,1 x 0,79 x 1,2",,4-5 cm,Cái,chạm,chôn,1
9dbe2fb1-f094-4d44-9c1b-199fc6115e14,2AQ0157,Quan Tài Gỗ Sao Nghệ (Gõ Vàng) - Chạm Rồng,0.00,0.00,,,Sao Nghệ (Gõ,,true,2026-04-03 07:34:03.573918+00,2026-04-13 04:14:03.707802+00,"2,1 x 0,79 x 1,2",,3-4 cm,Cái,chạm,chôn,1
9f10d626-0cf8-4671-ad5e-2c910f1b92ed,2AQ0174,Quan Tài Gỗ Sao Nghệ (Gõ Vàng) Nắp Tròn - Trơn,0.00,0.00,,,Sao Nghệ (Gõ,,true,2026-04-03 07:34:08.84272+00,2026-04-13 04:14:04.639161+00,"2,2 x 0,8 x 1,3",liệt 14cm,6 cm,Cái,trơn,chôn,2
9f66bd4b-c162-480d-bec1-f2011e038508,2AQ0037,Quan tài Thiêu Nắp Tròn - Nâu Cẩn,0.00,0.00,https://woqtdgzldkxmcgjshthx.supabase.co/storage/v1/object/public/product-images/products/2AQ0037_1775553170412.jpg,,Công Nghiệp,,true,2026-04-03 07:33:23.542649+00,2026-04-07 09:12:52.887487+00,"2,05 x 0,79 x 1,25",,,Cái,cẩn,thiêu,0
a19757f8-af0b-43d5-ba00-aec8be0fc714,2AQ0137,Quan Tài Gỗ Lim Nam Phi - Trơn - Vàng (Lim Xanh),0.00,0.00,,,Lim Nam Phi,,true,2026-04-03 07:33:57.621881+00,2026-04-03 07:33:57.621881+00,"2,1 x 0,8 x 1,15",,5 cm,Cái,trơn,chôn,0
a1a8b2af-6728-4aeb-91fe-c68e8f6b1b85,2AQ0110,"Quan Tài Thiêu Huyền Cung 2, bóng sáng - 1 nắp",0.00,0.00,,,,,true,2026-04-03 07:33:48.730884+00,2026-04-13 04:14:01.565604+00,"2,58 x 0,67 x 0,62",,,Cái,,thiêu,2
a361b84d-2c12-4cbe-aaf4-f9085a72466f,2AQ0120,Quan Tài Gỗ Căm Xe WPL (gỗ nhập) - Trơn,0.00,0.00,,,Căm Xe WPL (Gỗ Nhập),,true,2026-04-03 07:33:52.053064+00,2026-04-03 07:33:52.053064+00,"2,1 x 0,79 x 1,05",,4 cm,Cái,trơn,chôn,0
a3dbdce0-0202-40a6-8251-907e495be5b0,2AQ0007,Quan Gỗ Gỗ Trai VN,0.00,0.00,https://woqtdgzldkxmcgjshthx.supabase.co/storage/v1/object/public/product-images/products/2AQ0007_1775550265257.jpg,,Gỗ Trai VN,,true,2026-04-03 07:33:14.065914+00,2026-04-07 08:24:27.107649+00,"2,2 x 0,8 x 1,15",,5 cm,Cái,,chôn,0
a44aa141-08e9-4412-a6e0-c323af799767,2AQ0173,Quan Tài Gỗ Đinh Hương (Hương Công Gô) - Trơn,0.00,0.00,,,Đinh Hương (Hương Công Gô),,true,2026-04-03 07:34:08.541773+00,2026-04-13 04:14:04.525642+00,"2,1 x 0,8 x 1,2",,5 cm,Cái,trơn,chôn,2
a608f2d9-dcb2-4d9f-b59b-5e517eca9b13,2AQ0085,Quan tài Gỗ Căm Xe Lục Giác,0.00,0.00,,,Căm Xe,,true,2026-04-03 07:33:41.092793+00,2026-04-03 07:33:41.092793+00,"2,15 x 0,8 x 0,95",,3 cm,Cái,,chôn,0
a61ff6cb-b3ee-47f2-80bb-c962a7e07bef,2AQ0103,Quan Tài Gỗ Gõ Chạm,0.00,0.00,,,Gõ,,true,2026-04-03 07:33:46.681693+00,2026-04-03 07:33:46.681693+00,"2,2 x 0,8 x 1,15",,4 cm,Cái,chạm,chôn,0
a7966a82-1d25-4f3e-9109-6d7c0b3557a2,2AQ0003,Quan Tài Gỗ Xà Cừ,0.00,0.00,https://woqtdgzldkxmcgjshthx.supabase.co/storage/v1/object/public/product-images/products/2AQ0003_1775550150923.jpg,,Xà Cừ,,true,2026-04-03 07:33:12.585936+00,2026-04-07 08:22:34.375261+00,"2,2 x 0,8 x 1,15",,3 cm,Cái,,chôn,0
a9a83e2c-6c40-49f7-863f-89b10a7139b3,2AQ0106,Quan tài Thiêu 2 Nắp - Nâu,0.00,0.00,,,Công Nghiệp,,true,2026-04-03 07:33:47.557192+00,2026-04-13 04:14:01.185777+00,"2,03 x 0,65 x 0,74",,,Cái,,thiêu,6
ac98db42-0b2d-49c5-ad61-f19ccf15bd93,2AQ0171,Quan tài Gỗ Ngọc Am,0.00,0.00,,,Ngọc Am,,true,2026-04-03 07:34:07.867989+00,2026-04-13 04:14:04.293751+00,"2,07 x 0,62 x 0,57",địa 8cm; thiên 10cm,5 cm,Cái,,chôn,1
ad1ba805-e07e-45d5-9c32-e8a56ea0a170,2AQ0045,Quan tài Richard,0.00,0.00,https://woqtdgzldkxmcgjshthx.supabase.co/storage/v1/object/public/product-images/products/2AQ0045_1775555542281.jpg,,Dái Ngựa,,true,2026-04-03 07:33:25.871767+00,2026-04-07 09:52:23.68645+00,"2,215 x 0,78 x 0,61",,,Cái,,chôn,0
ae834425-3a22-4a09-8560-18376350b3e8,2AQ0116,Quan Tài Nhập Khẩu An Yên Gỗ Dái Ngựa CKT2009,0.00,0.00,,,Dái Ngựa Ckt2009,,true,2026-04-03 07:33:50.688337+00,2026-04-13 04:14:01.958139+00,"2,06 x 0,56 x 0,67",,,Cái,,chôn,2
af00c2cc-1275-4c1f-a916-0c6188fc3871,2AQ0049,Quan tài Gỗ Gõ Nắp Tròn - Cẩn,0.00,0.00,https://woqtdgzldkxmcgjshthx.supabase.co/storage/v1/object/public/product-images/products/2AQ0049_1775555760674.jpg,,Gõ,,true,2026-04-03 07:33:27.041611+00,2026-04-07 09:56:01.962471+00,"2,2 x 0,8 x 1,4",liệt 14cm,6 cm,Cái,cẩn,chôn,0
b0ed4289-e32d-410c-a123-94a1b2c646c7,2AQ0113,Quan tài Gỗ Vàng Tâm - Nâu,0.00,0.00,,,Vàng Tâm,,true,2026-04-03 07:33:49.617628+00,2026-04-03 07:33:49.617628+00,"2,2 x 0,74 x 0,67",địa 10cm; lọt lòng 48cm; thiên 12cm,10 cm,Cái,,chôn,0
b102b902-1fba-47d7-827c-00fce78954b1,2AQ0133,Quan Tài Gỗ Lim Nam Phi - Cối Nắp Tròn,0.00,0.00,,,Lim Nam Phi,,true,2026-04-03 07:33:56.443048+00,2026-04-13 04:14:02.985113+00,"2,2 x 0,8 x 1,3",liệt 12cm,5 cm,Cái,,chôn,3
b2b3a7c2-cb0b-451d-9a13-b6bedfa8c88f,2AQ0034,Quan Tài Gỗ Căm Xe Nhập Khẩu,0.00,0.00,https://woqtdgzldkxmcgjshthx.supabase.co/storage/v1/object/public/product-images/products/2AQ0034_1775552586153.jpg,,Căm Xe Nhập Khẩu,,true,2026-04-03 07:33:22.632848+00,2026-04-07 09:03:08.922498+00,"2,2 x 0,8 x 1,15",,3 cm,Cái,,chôn,0
b67b3881-5282-4d05-8baa-45df2ae79c0c,2AQ0097,Quan tài Thiêu Sơn Mài Nắp Tròn,0.00,0.00,,,Công Nghiệp,,true,2026-04-03 07:33:44.637157+00,2026-04-03 07:33:44.637157+00,"2,05 x 0,79 x 1,1",,,Cái,,thiêu,0
b6d0d5ee-ec90-47f7-b401-5a9a3017a129,2AQ0090,Quan tài Thiêu Trung - Vàng,0.00,0.00,,,Công Nghiệp,,true,2026-04-03 07:33:42.571732+00,2026-04-13 04:14:00.403677+00,"2,05 x 0,8 x 0,95",,,Cái,,thiêu,1
b7026c04-e705-477a-b62e-348c89f09ea0,2AQ0128,Quan Tài Gỗ Sao Nghệ (Gõ Vàng) - Trơn,0.00,0.00,,,Sao Nghệ (Gõ,,true,2026-04-03 07:33:54.877582+00,2026-04-13 04:14:02.467058+00,"2,1 x 0,8 x 1,05",,4 cm,Cái,trơn,chôn,13
b99215b9-2cfa-451c-a45c-dbbccb17b75b,2AQ0091,Quan tài Thiêu Đại - Vàng,0.00,0.00,,,Công Nghiệp,,true,2026-04-03 07:33:42.870381+00,2026-04-03 07:33:42.870381+00,"2,05 x 0,7 x 1,15",,,Cái,,thiêu,0
b9da5558-0de7-4885-95a1-4fbc91d1156d,2AQ0086,Quan tài Gỗ Sao (công giáo),0.00,0.00,,,Sao (,,true,2026-04-03 07:33:41.378247+00,2026-04-03 07:33:41.378247+00,"2,2 x 0,8 x 1,15",,3 cm,Cái,,chôn,0
ba2a0a6b-a123-4d6c-a326-5a79861a9094,2AQ0033,Quan tài Nhập Malaysia - 2 nắp - Nâu,0.00,0.00,https://woqtdgzldkxmcgjshthx.supabase.co/storage/v1/object/public/product-images/products/2AQ0033_1775552579082.jpg,,Nhập Malaysia,,true,2026-04-03 07:33:22.340957+00,2026-04-07 09:03:01.55376+00,"2,13 x 0,72 x 0,75",,,Cái,,chôn,0
ba619496-2a8d-46b1-a56c-80bdda85328c,2AQ0043,Quan tài Victoria,0.00,0.00,https://woqtdgzldkxmcgjshthx.supabase.co/storage/v1/object/public/product-images/products/2AQ0043_1775555068917.jpg,,Thông,,true,2026-04-03 07:33:25.287912+00,2026-04-13 04:13:59.994504+00,"2,175 x 0,81 x 0,61",,,Cái,,chôn,3
ba6696f1-561c-4a31-80d4-f33bcf0d723e,2AQ0124,Quan Tài Gỗ Xà Cừ - Trơn,0.00,0.00,,,Xà Cừ,,true,2026-04-03 07:33:53.527604+00,2026-04-03 07:33:53.527604+00,"2,1 x 0,79 x 1,05",,4 cm,Cái,trơn,chôn,0
bbdfcb31-aeea-4cf2-b874-5aeb2d4f36d0,2AQ0077,Quan tài Gỗ Sao Nắp Sen,0.00,0.00,,,Sao,,true,2026-04-03 07:33:38.300221+00,2026-04-03 07:33:38.300221+00,"1,96 x 0,7 x 1,33",,5 cm,Cái,,chôn,0
bd115776-9de1-4b5b-b5dd-71188c6a5a7b,2AQ0039,Quan tài Queensland,0.00,0.00,https://woqtdgzldkxmcgjshthx.supabase.co/storage/v1/object/public/product-images/products/2AQ0039_1775553185372.jpg,,Dương,,true,2026-04-03 07:33:24.125448+00,2026-04-13 04:13:59.712916+00,"2,215 x 0,78 x 0,61",,,Cái,,chôn,4
c01ed32e-7ab2-437c-bf09-b29140619706,2AQ0169,Hòm thiếc,0.00,0.00,,,Thiếc,,true,2026-04-03 07:34:07.272508+00,2026-04-03 07:34:07.272508+00,"1,85 x 0,5 x 0,3",,,Cái,,chôn,0
c0e6ab30-d70c-4c2a-900a-a5425f56ea80,2AQ0145,Quan tài Gỗ Ngọc Am,0.00,0.00,,,Ngọc Am,,true,2026-04-03 07:33:59.717423+00,2026-04-03 07:33:59.717423+00,"2,15 x 0,68 x 0,61",địa 10cm; thiên 10cm,8 cm,Cái,,chôn,0
c2290b32-a53c-4dd7-9027-bc3fbb7216f4,2AQ0131,Quan Tài Gỗ Sao Nghệ (Gõ Vàng) - Chạm Rồng,0.00,0.00,,,Sao Nghệ (Gõ,,true,2026-04-03 07:33:55.82775+00,2026-04-03 07:33:55.82775+00,"2,1 x 0,79 x 1,2",,4-5 cm,Cái,chạm,chôn,0
c2a95464-d30f-4999-88a6-24cffb8707cc,2AQ0104,Quan tài Gỗ Ngọc Am,0.00,0.00,,,Ngọc Am,,true,2026-04-03 07:33:46.980321+00,2026-04-13 04:14:00.924492+00,"2,3 x 0,86 x 0,86","địa 15cm; lọt lòng 1,78 x 0,5 x 0,5; thiên 15cm",15 cm,Cái,,chôn,3
c44f37e8-6018-464f-8a12-e6f1bc150f08,2AQ0107,Quan tài Thiêu 2 Nắp - Vàng,0.00,0.00,,,Công Nghiệp,,true,2026-04-03 07:33:47.849131+00,2026-04-13 04:14:01.319546+00,"2,03 x 0,65 x 0,74",,,Cái,,thiêu,1
c5eaf90b-4a22-430a-ac03-e3ead03ba37b,2AQ0150,Quan Tài Gỗ Gõ,0.00,0.00,,,Gõ,,true,2026-04-03 07:34:01.481634+00,2026-04-03 07:34:01.481634+00,"2,2 x 0,8 x 1,15",,3 cm,Cái,,chôn,0
c79a9a70-2714-416b-8861-5e80129ff906,2AQ0032,Quan tài Nhập Malaysia - 2 nắp - Trắng,0.00,0.00,https://woqtdgzldkxmcgjshthx.supabase.co/storage/v1/object/public/product-images/products/2AQ0032_1775552572191.jpg,,Nhập Malaysia,,true,2026-04-03 07:33:22.04829+00,2026-04-07 09:02:54.678646+00,"2,13 x 0,72 x 0,75",,,Cái,,chôn,0
c8af437b-35a2-4242-a504-a323140ea721,2AQ0022,Quan Tài Thiêu Nhí - Đen,0.00,0.00,https://woqtdgzldkxmcgjshthx.supabase.co/storage/v1/object/public/product-images/products/2AQ0022_1775552079447.jpg,,Công Nghiệp,,true,2026-04-03 07:33:19.016832+00,2026-04-07 08:54:42.321433+00,"2,05 x 0,67 x 0,79",,,Cái,,thiêu,0
c95f87f8-7ef6-46ee-8877-7059e9e544b0,2AQ0175,Quan Tài Gỗ Hương Nhập Khẩu - Trơn,0.00,0.00,,,Hương Nhập Khẩu,,true,2026-04-03 07:34:09.145777+00,2026-04-13 04:14:04.754228+00,"2 x 0,8 x 1,3",,5 cm,Cái,trơn,chôn,2
ca84aac6-7eb2-445b-bb44-075151585892,2AQ0068,Quan tài Gỗ Sao Nắp Tròn,0.00,0.00,,,Sao,,true,2026-04-03 07:33:35.327245+00,2026-04-03 07:33:35.327245+00,"2,2 x 0,8 x 1,4",,5 cm,Cái,,chôn,0
cb8942fd-25de-43f2-8963-76c2c827a931,2AQ0165,Quan tài gỗ Căm Xe WPL - Cẩn,0.00,0.00,,,Căm Xe WPL,,true,2026-04-03 07:34:06.044983+00,2026-04-13 04:14:04.05662+00,"2,1 x 0,8 x 1,15",,4 cm,Cái,cẩn,chôn,2
ce2862c1-4d27-4b11-82a5-ba110ef759ce,2AQ0072,Quan tài Gỗ Sao - Cẩn,0.00,0.00,,,Sao,,true,2026-04-03 07:33:36.76155+00,2026-04-03 07:33:36.76155+00,"2,2 x 0,8 x 1,15",,3 cm,Cái,cẩn,chôn,0
cef8259b-0bc8-4fb5-b64d-d324d94f6f87,2AQ0160,Hòm thiếc,0.00,0.00,,,Thiếc,,true,2026-04-03 07:34:04.496894+00,2026-04-03 07:34:04.496894+00,"1,85 x 0,5 x 0,35",,"0,58 zem",Cái,,chôn,0
cf2802f2-176f-4ce9-8c6e-3a5c801adf32,2AQ0021,Quan Tài Covid,0.00,0.00,https://woqtdgzldkxmcgjshthx.supabase.co/storage/v1/object/public/product-images/products/2AQ0021_1775551819169.jpg,,,,true,2026-04-03 07:33:18.72457+00,2026-04-07 08:50:21.717167+00,,,,Cái,,chôn,0
d08833ec-3edc-47bd-ae82-9e91c4081df1,2AQ0041,Quan tài George,0.00,0.00,https://woqtdgzldkxmcgjshthx.supabase.co/storage/v1/object/public/product-images/products/2AQ0041_1775553201879.jpg,,Thông,,true,2026-04-03 07:33:24.708161+00,2026-04-13 04:13:59.853452+00,"2,16 x 0,81 x 0,55",,,Cái,,chôn,1
d14b1e7c-53b8-4821-baaf-9a7db9b9061f,2AQ0129,Quan Tài Gỗ Sao Nghệ (Gõ Vàng) - Trơn,0.00,0.00,,,Sao Nghệ (Gõ,,true,2026-04-03 07:33:55.215845+00,2026-04-13 04:14:02.604073+00,"2,1 x 0,8 x 1,2",,5 cm,Cái,trơn,chôn,8
d44fea10-8d4d-4c3c-87d8-fd6bc3090c35,2AQ0166,"Quan Tài Công Giáo Đức Giáo Hoàng Gỗ Gụ - Không gồm nhân công liệm, động và đồ liệm",0.00,0.00,,,Gụ,,true,2026-04-03 07:34:06.340871+00,2026-04-03 07:34:06.340871+00,"1,97 x 0,64 - 0,44 x 0,64 - 0,43",,3 cm,Cái,,chôn,0
d5ab68f1-c86e-4fda-adb3-cbda107b2057,2AQ0167,Quan tài Gỗ Ngọc Am dát vàng,0.00,0.00,,,Ngọc Am,,true,2026-04-03 07:34:06.648065+00,2026-04-03 07:34:06.648065+00,"2,1 x 0,67 x 0,62",địa 10cm; thiên 12cm,8 cm,Cái,,chôn,0
d69b6d47-ad84-4ccb-bf89-9f0d5a605fba,2AQ0051,Quan tài Gỗ Hương Việt Nam Nắp Tròn,0.00,0.00,https://woqtdgzldkxmcgjshthx.supabase.co/storage/v1/object/public/product-images/products/2AQ0051_1775555834792.jpg,,Hương Việt Nam,,true,2026-04-03 07:33:27.626562+00,2026-04-07 09:57:15.711358+00,"2,2 x 0,8 x 1,4",,5 cm,Cái,,chôn,0
d8ee3d7b-f664-4ae5-a05c-cfe4a1569ea0,2AQ0112,"Quan Tài Thiêu Huyền Cung 3, bóng sáng - 1 nắp",0.00,0.00,,,,,true,2026-04-03 07:33:49.329563+00,2026-04-13 04:14:01.689369+00,"2,58 x 0,67 x 0,62",,,Cái,,thiêu,2
dad037e1-7a59-42c9-a3ad-1a4736da24de,2AQ0036,Quan tài Thiêu Nắp Tròn - Vàng Cẩn,0.00,0.00,https://woqtdgzldkxmcgjshthx.supabase.co/storage/v1/object/public/product-images/products/2AQ0036_1775553163177.jpg,,Công Nghiệp,,true,2026-04-03 07:33:23.24944+00,2026-04-07 09:12:45.614459+00,"2,05 x 0,79 x 1,25",,,Cái,cẩn,thiêu,0
dd99b710-b558-4525-9a0e-600980d0e2b3,2AQ0156,Quan tài thiếc,0.00,0.00,,,Thiếc,,true,2026-04-03 07:34:03.267823+00,2026-04-03 07:34:03.267823+00,"2,1 x 0,79 x 0,58",,,Cái,,chôn,0
de7a201d-e393-4501-8f54-414cb26a6c7a,2AQ0058,Quan tài Gỗ Ngọc Am,0.00,0.00,https://woqtdgzldkxmcgjshthx.supabase.co/storage/v1/object/public/product-images/products/2AQ0058_1775556712810.jpg,,Ngọc Am,,true,2026-04-03 07:33:31.489543+00,2026-04-07 10:11:53.441179+00,"2 x 0,55 x 5",địa 5cm; thiên 10cm,5 cm,Cái,,chôn,0
e0f66c8b-5863-4f4f-8040-662e085fd94b,2AQ0078,Quan tài Nhập Malaysia - 1 nắp ĐB,0.00,0.00,,,Nhập Malaysia,,true,2026-04-03 07:33:38.670913+00,2026-04-03 07:33:38.670913+00,"2,13 x 0,72 x 0,75",,,Cái,,chôn,0
e1464d72-450c-4d1e-ac44-f0f3709dec49,2AQ0170,Quan Tài Gỗ Sao Nghệ (Gõ Vàng) - Chạm Chúa,0.00,0.00,,,Sao Nghệ (Gõ,,true,2026-04-03 07:34:07.56686+00,2026-04-03 07:34:07.56686+00,"2,1 x 0,79 x 1,2",,3-4 cm,Cái,chạm,chôn,0
e2927853-5a0d-488c-9ca9-1df7fb276ec4,2AQ0010,Quan Tài Thiêu Nhí - Trắng,0.00,0.00,https://woqtdgzldkxmcgjshthx.supabase.co/storage/v1/object/public/product-images/products/2AQ0010_1775550755923.jpg,,Công Nghiệp,,true,2026-04-03 07:33:15.181247+00,2026-04-13 04:14:04.870606+00,"2,05 x 0,67 x 0,79",,,Cái,,thiêu,8
e340f0b7-6c7b-4a03-a7f4-ebc0be4b71db,2AQ0017,Quan Tài Thiêu Nắp Tròn - Nâu Trơn,0.00,0.00,https://woqtdgzldkxmcgjshthx.supabase.co/storage/v1/object/public/product-images/products/2AQ0017_1775551019502.jpg,,Công Nghiệp,,true,2026-04-03 07:33:17.529317+00,2026-04-07 08:37:01.32621+00,"2,05 x 0,79 x 1,1",đế 5cm,,Cái,trơn,thiêu,0
e401ce0f-9ad4-4583-9ed2-44dbd56de7e0,2AQ0144,Quan tài Gỗ Vàng Tâm,0.00,0.00,,,Vàng Tâm,,true,2026-04-03 07:33:59.432374+00,2026-04-03 07:33:59.432374+00,"2,15 x 0,68 x 0,61",địa 10cm; thiên 10cm,8 cm,Cái,,chôn,0
e4d09324-9fea-4f36-8d57-579dfe68738d,2AQ0115,Quan Tài Công Giáo Đức Giáo Hoàng,0.00,0.00,,,Dỗi,,true,2026-04-03 07:33:50.346226+00,2026-04-13 04:14:01.827582+00,"1,93 x 0,46 x 0,73","địa 5cm; lọt lòng 1,87 x 0,4 x 0,67; thiên 3cm",3 cm,Cái,,chôn,2
e5c1380f-b62f-4e9c-91df-5740162ed560,2AQ0148,Quan Tài Gỗ Căm Xe Nhập Khẩu Úc,0.00,0.00,,,Căm Xe Nhập Khẩu Úc,,true,2026-04-03 07:34:00.592224+00,2026-04-03 07:34:00.592224+00,"2,1 x 0,8 x 1,15",,4 cm,Cái,,chôn,0
e5e127f5-54b6-44d0-ad60-3ab12e32e59e,2AQ0164,Quan Tài Gỗ Xà Cừ - Chạm Phật Giáo,0.00,0.00,,,Xà Cừ,,true,2026-04-03 07:34:05.746149+00,2026-04-03 07:34:05.746149+00,"2,1 x 0,8 x 1,2",,4-5 cm,Cái,chạm,chôn,0
eca94978-49d7-43e4-ae29-dc1d13fe8ad4,2AQ0088,Quan tài Thiêu Trung - Hoa Sen,0.00,0.00,,,Công Nghiệp,,true,2026-04-03 07:33:41.985416+00,2026-04-03 07:33:41.985416+00,"2,05 x 0,8 x 0,95",,,Cái,,thiêu,0
ed9b4c0e-2a08-47a4-ab6b-0bcd2af55d8c,2AQ0047,Quan tài Taisho,0.00,0.00,https://woqtdgzldkxmcgjshthx.supabase.co/storage/v1/object/public/product-images/products/2AQ0047_1775555578218.jpg,,Sồi,,true,2026-04-03 07:33:26.468811+00,2026-04-13 04:14:05.587558+00,"2,15 x 0,805 x 0,26",,,Cái,,chôn,5
ef3e61a1-73d7-4321-8140-ad6bc677ed5e,2AQ0066,Quan tài Gỗ Trai Nắp Tròn,0.00,0.00,,,Trai,,true,2026-04-03 07:33:34.742145+00,2026-04-03 07:33:34.742145+00,"2,2 x 0,8 x 1,4",,5 cm,Cái,,chôn,0
efa9b6c9-55db-49a3-8a37-066aeb980e81,2AQ0004,Quan Tài Gỗ Pơ Mu,0.00,0.00,https://woqtdgzldkxmcgjshthx.supabase.co/storage/v1/object/public/product-images/products/2AQ0004_1775550110759.jpg,,Pơ Mu,,true,2026-04-03 07:33:12.968717+00,2026-04-07 08:21:53.824116+00,"2,13 x 0,72 x 0,75",,,Cái,,chôn,0
f00e5d4d-b718-408b-a255-00a583e722bc,2AQ0019,Quan Tài Thiêu Nắp Tròn - Nâu Cẩn,0.00,0.00,https://woqtdgzldkxmcgjshthx.supabase.co/storage/v1/object/public/product-images/products/2AQ0019_1775551903956.jpg,,Công Nghiệp,,true,2026-04-03 07:33:18.111319+00,2026-04-07 08:51:46.212464+00,"2,05 x 0,79 x 1,1",đế 5cm,,Cái,cẩn,thiêu,0
f339c4b8-164a-4deb-945d-121c59777696,2AQ0119,Quan Tài Gỗ Lim Nam Phi - Đỏ - Trơn,0.00,0.00,,,Lim Nam Phi,,true,2026-04-03 07:33:51.719569+00,2026-04-13 04:14:02.228492+00,"2,1 x 0,8 x 1,15",,5 cm,Cái,trơn,chôn,11
f3bb2f1f-0edc-406d-b66c-3d4a3eafa698,2AQ0038,Quan tài Gỗ Dương nhập khẩu,0.00,0.00,https://woqtdgzldkxmcgjshthx.supabase.co/storage/v1/object/public/product-images/products/2AQ0038_1775553177901.jpg,,Dương Nhập Khẩu,,true,2026-04-03 07:33:23.831724+00,2026-04-07 09:13:00.185697+00,"2,13 x 0,72 x 0,75",,,Cái,,chôn,0
f543a0d8-e030-4aee-aba8-f0dee8eec56c,2AQ0062,Quan tài Gỗ Trai Chạm (công giáo),0.00,0.00,,,Trai,,true,2026-04-03 07:33:33.543887+00,2026-04-03 07:33:33.543887+00,"2,2 x 0,8 x 0,95",,4 cm,Cái,chạm,chôn,0
f7434c6f-740e-44a9-81a6-f1b5c4669904,2AQ0059,Quan tài Gỗ Ngọc Am,0.00,0.00,https://woqtdgzldkxmcgjshthx.supabase.co/storage/v1/object/public/product-images/products/2AQ0059_1775556741829.jpg,,Ngọc Am,,true,2026-04-03 07:33:32.067868+00,2026-04-07 10:12:23.401462+00,,địa 7cm; thiên 10cm,7 cm,Cái,,chôn,0
f7a14260-8cda-4dc7-9701-bf003111c674,2AQ0098,Quan tài Thiêu Nắp Sen,0.00,0.00,,,Tạp,,true,2026-04-03 07:33:44.927869+00,2026-04-03 07:33:44.927869+00,,,,Cái,,thiêu,0
f7c8cfea-8e65-4e77-a18d-95d11823eaff,2AQ0026,Quan tài Gỗ Hương Việt Nam - Rừng,0.00,0.00,https://woqtdgzldkxmcgjshthx.supabase.co/storage/v1/object/public/product-images/products/2AQ0026_1775552108928.jpg,,Hương Việt Nam,,true,2026-04-03 07:33:20.193902+00,2026-04-07 08:55:11.719811+00,"2,2 x 0,8 x 1,15",,5 cm,Cái,,chôn,0
f973398f-500a-441f-a9cc-cb753dea8af9,2AQ0141,Quan tài Gỗ Vàng Tâm,0.00,0.00,,,Vàng Tâm,,true,2026-04-03 07:34:00.886226+00,2026-04-03 07:34:00.886226+00,"2 x 0,55 x 0,5",địa 12cm; thiên 10cm,8 cm,Cái,,chôn,0
faf253cb-9464-47a6-b86a-48fe208f78a0,2AQ0127,Quan Tài Gỗ Xà Cừ - Cối Nắp Tròn,0.00,0.00,,,Xà Cừ,,true,2026-04-03 07:33:54.561524+00,2026-04-13 04:14:02.344046+00,"2,2 x 0,8 x 1,3",,5 cm,Cái,,chôn,1
fc1d92e2-27e3-488a-be1d-70ea16924506,2AQ0158,Quan tài Gỗ Sao Chạm Chúa,0.00,0.00,,,Sao,,true,2026-04-03 07:34:03.884063+00,2026-04-03 07:34:03.884063+00,"2,2 x 0,8 x 1,15",,4 cm,Cái,chạm,chôn,0
fcbba5bb-b192-4b86-a65f-8221b665c923,2AQ0135,Quan Tài Công Giáo Đức Giáo Hoàng Gỗ Gụ,0.00,0.00,,,Gụ,,true,2026-04-03 07:33:57.030471+00,2026-04-13 04:14:03.227392+00,"1,97 x 0,64 - 0,44 x 0,64 - 0,43",,3 cm,Cái,,chôn,5
fcc6e6c7-9403-4909-860b-2e084b4ab600,2AQ0002,Quan Tài Gỗ Sao Cát,0.00,0.00,https://woqtdgzldkxmcgjshthx.supabase.co/storage/v1/object/public/product-images/products/2AQ0002_1775202290470.jpg,,Sao Cát,,true,2026-04-03 07:33:12.200583+00,2026-04-13 04:13:58.65541+00,"2,2 x 0,8 x 1,15",,3 cm,Cái,,chôn,1
fcfe97d0-8221-43aa-bad3-785ce00d284d,2AQ0168,Quan Tài Gỗ Căm Xe KAW,0.00,0.00,,,Căm Xe KAW,,true,2026-04-03 07:34:06.971668+00,2026-04-13 04:14:04.171502+00,"2,1 x 0,8 x 1,15",,5 cm,Cái,,chôn,6
